Board 1:
6 7 9 5 1 8 2 4 3 
5 4 3 7 2 9 6 1 8 
8 2 1 6 3 4 9 5 7 
7 9 4 3 5 2 1 8 6 
3 5 8 4 6 1 7 2 9 
2 1 6 8 9 7 5 3 4 
4 8 5 2 7 6 3 9 1 
9 6 2 1 8 3 4 7 5 
1 3 7 9 4 5 8 6 2 

Board 2:
3 7 1 9 8 6 5 2 4 
8 4 6 5 2 1 3 7 9 
5 9 2 4 7 3 8 6 1 
4 6 3 8 1 9 7 5 2 
2 8 5 3 4 7 9 1 6 
7 1 9 6 5 2 4 3 8 
6 3 4 1 9 5 2 8 7 
1 2 8 7 3 4 6 9 5 
9 5 7 2 6 8 1 4 3 

Board 3:
7 4 8 3 9 1 5 6 2 
3 6 5 2 4 8 7 9 1 
9 1 2 6 7 5 4 8 3 
4 2 1 7 8 6 9 3 5 
5 8 9 4 1 3 2 7 6 
6 7 3 5 2 9 8 1 4 
8 3 4 9 6 2 1 5 7 
2 9 6 1 5 7 3 4 8 
1 5 7 8 3 4 6 2 9 

Board 4:
2 9 8 3 1 7 6 4 5 
7 6 4 2 8 5 1 3 9 
1 5 3 9 4 6 2 7 8 
3 2 7 1 6 8 9 5 4 
9 8 1 4 5 3 7 2 6 
6 4 5 7 9 2 8 1 3 
5 3 9 8 2 1 4 6 7 
8 7 2 6 3 4 5 9 1 
4 1 6 5 7 9 3 8 2 

Board 5:
1 4 2 8 9 5 6 3 7 
9 7 5 1 3 6 8 2 4 
8 3 6 7 4 2 5 1 9 
3 9 8 4 6 7 1 5 2 
4 5 1 3 2 8 7 9 6 
2 6 7 5 1 9 3 4 8 
5 2 9 6 7 3 4 8 1 
6 1 3 2 8 4 9 7 5 
7 8 4 9 5 1 2 6 3 

Board 6:
5 6 1 4 9 2 7 3 8 
3 2 4 7 8 6 1 9 5 
9 8 7 3 1 5 2 4 6 
6 5 9 8 3 1 4 2 7 
4 1 8 2 7 9 5 6 3 
2 7 3 5 6 4 8 1 9 
1 3 5 9 2 8 6 7 4 
7 4 6 1 5 3 9 8 2 
8 9 2 6 4 7 3 5 1 

Board 7:
3 1 8 4 5 7 9 6 2 
5 7 2 9 8 6 1 4 3 
9 4 6 3 1 2 5 7 8 
6 3 9 1 7 8 4 2 5 
1 5 7 2 9 4 8 3 6 
2 8 4 5 6 3 7 9 1 
4 2 5 7 3 1 6 8 9 
7 6 1 8 2 9 3 5 4 
8 9 3 6 4 5 2 1 7 

Board 8:
8 6 7 1 3 4 9 5 2 
2 4 1 5 9 6 7 8 3 
3 9 5 8 7 2 6 1 4 
9 7 8 6 2 5 4 3 1 
4 5 6 3 1 8 2 7 9 
1 2 3 9 4 7 8 6 5 
5 3 4 7 6 9 1 2 8 
6 1 9 2 8 3 5 4 7 
7 8 2 4 5 1 3 9 6 

Board 9:
1 6 5 2 9 3 8 7 4 
9 7 4 8 5 1 6 3 2 
8 2 3 7 6 4 1 9 5 
4 8 9 1 7 5 2 6 3 
5 3 6 9 4 2 7 1 8 
7 1 2 6 3 8 5 4 9 
3 9 8 5 1 7 4 2 6 
2 4 1 3 8 6 9 5 7 
6 5 7 4 2 9 3 8 1 

Board 10:
7 2 8 4 9 3 6 1 5 
3 4 9 6 1 5 8 2 7 
6 5 1 2 7 8 4 9 3 
1 8 6 5 3 9 7 4 2 
9 3 2 8 4 7 1 5 6 
5 7 4 1 2 6 3 8 9 
8 1 5 3 6 2 9 7 4 
2 6 7 9 8 4 5 3 1 
4 9 3 7 5 1 2 6 8 

Board 11:
4 2 5 9 7 1 3 6 8 
1 7 3 6 2 8 5 9 4 
8 6 9 5 4 3 1 7 2 
2 4 1 7 9 5 8 3 6 
7 3 6 1 8 2 9 4 5 
9 5 8 4 3 6 7 2 1 
5 9 7 8 6 4 2 1 3 
3 8 4 2 1 7 6 5 9 
6 1 2 3 5 9 4 8 7 

Board 12:
9 6 8 4 2 5 1 7 3 
7 2 3 8 6 1 5 9 4 
5 4 1 7 9 3 2 8 6 
1 5 7 6 8 4 3 2 9 
4 9 6 1 3 2 8 5 7 
8 3 2 9 5 7 6 4 1 
2 1 9 5 4 6 7 3 8 
3 7 4 2 1 8 9 6 5 
6 8 5 3 7 9 4 1 2 

Board 13:
9 8 4 5 2 1 6 7 3 
3 6 1 8 9 7 2 4 5 
7 5 2 6 4 3 8 9 1 
1 7 5 9 6 4 3 8 2 
4 2 9 1 3 8 7 5 6 
6 3 8 2 7 5 9 1 4 
5 9 3 4 8 6 1 2 7 
2 1 6 7 5 9 4 3 8 
8 4 7 3 1 2 5 6 9 

Board 14:
2 5 1 4 7 8 9 3 6 
8 9 3 5 2 6 7 4 1 
4 7 6 9 1 3 5 2 8 
6 4 2 1 8 5 3 9 7 
9 3 7 2 6 4 8 1 5 
1 8 5 7 3 9 4 6 2 
3 6 4 8 5 2 1 7 9 
7 2 8 3 9 1 6 5 4 
5 1 9 6 4 7 2 8 3 

Board 15:
8 6 7 3 1 9 2 5 4 
2 4 5 7 8 6 9 3 1 
9 1 3 5 4 2 6 7 8 
4 7 2 9 6 3 1 8 5 
3 8 1 4 2 5 7 6 9 
5 9 6 8 7 1 3 4 2 
7 3 8 2 9 4 5 1 6 
6 5 9 1 3 8 4 2 7 
1 2 4 6 5 7 8 9 3 

Board 16:
9 2 5 3 4 6 1 7 8 
7 8 6 2 9 1 3 5 4 
3 4 1 8 7 5 2 6 9 
5 6 2 9 3 8 7 4 1 
1 7 4 5 6 2 9 8 3 
8 3 9 7 1 4 5 2 6 
4 9 8 1 5 7 6 3 2 
2 1 7 6 8 3 4 9 5 
6 5 3 4 2 9 8 1 7 

Board 17:
3 2 6 7 9 8 4 5 1 
7 4 5 3 2 1 8 9 6 
9 8 1 5 6 4 3 7 2 
2 1 8 6 3 7 5 4 9 
5 6 9 4 8 2 7 1 3 
4 3 7 9 1 5 6 2 8 
6 7 3 1 4 9 2 8 5 
1 5 2 8 7 3 9 6 4 
8 9 4 2 5 6 1 3 7 

Board 18:
9 2 5 8 3 1 4 6 7 
4 8 7 9 6 2 5 3 1 
1 6 3 5 7 4 8 2 9 
7 4 9 6 1 8 2 5 3 
3 5 2 4 9 7 1 8 6 
6 1 8 3 2 5 7 9 4 
2 7 6 1 8 9 3 4 5 
8 3 4 7 5 6 9 1 2 
5 9 1 2 4 3 6 7 8 

Board 19:
9 8 7 5 3 2 4 1 6 
2 5 4 6 1 7 9 8 3 
3 1 6 8 4 9 7 2 5 
5 7 8 2 6 1 3 4 9 
6 4 3 7 9 8 1 5 2 
1 9 2 3 5 4 6 7 8 
4 3 9 1 8 5 2 6 7 
8 2 1 9 7 6 5 3 4 
7 6 5 4 2 3 8 9 1 

Board 20:
1 4 9 6 5 3 2 7 8 
7 6 5 1 2 8 3 4 9 
8 3 2 4 7 9 5 6 1 
9 7 6 5 1 2 8 3 4 
4 5 1 8 3 6 7 9 2 
3 2 8 9 4 7 1 5 6 
5 8 3 2 6 4 9 1 7 
2 1 4 7 9 5 6 8 3 
6 9 7 3 8 1 4 2 5 

Board 21:
3 6 7 2 8 9 4 5 1 
2 4 8 6 5 1 9 3 7 
1 5 9 7 4 3 2 8 6 
5 2 4 8 1 6 7 9 3 
9 8 3 5 7 4 1 6 2 
7 1 6 9 3 2 8 4 5 
8 3 1 4 6 7 5 2 9 
4 7 2 3 9 5 6 1 8 
6 9 5 1 2 8 3 7 4 

Board 22:
6 2 3 7 4 5 1 9 8 
9 7 4 1 3 8 6 5 2 
5 1 8 2 6 9 3 7 4 
2 6 7 3 8 1 9 4 5 
3 9 1 5 2 4 8 6 7 
8 4 5 9 7 6 2 3 1 
7 8 2 4 9 3 5 1 6 
1 3 6 8 5 7 4 2 9 
4 5 9 6 1 2 7 8 3 

Board 23:
6 2 7 1 4 9 5 8 3 
3 4 5 2 8 6 9 7 1 
1 8 9 5 7 3 6 4 2 
5 1 8 7 9 2 3 6 4 
7 9 3 6 5 4 2 1 8 
4 6 2 3 1 8 7 5 9 
2 5 6 8 3 1 4 9 7 
9 7 1 4 2 5 8 3 6 
8 3 4 9 6 7 1 2 5 

Board 24:
7 2 1 8 9 3 5 6 4 
3 9 8 4 6 5 1 7 2 
5 4 6 2 1 7 8 9 3 
8 6 9 5 7 2 4 3 1 
2 7 4 1 3 8 6 5 9 
1 3 5 6 4 9 2 8 7 
6 1 3 9 5 4 7 2 8 
4 8 7 3 2 6 9 1 5 
9 5 2 7 8 1 3 4 6 

Board 25:
8 1 3 7 2 4 6 5 9 
5 2 6 3 8 9 1 7 4 
4 9 7 1 6 5 2 8 3 
7 4 5 6 3 2 9 1 8 
9 6 1 5 7 8 3 4 2 
2 3 8 4 9 1 5 6 7 
1 7 4 9 5 3 8 2 6 
6 8 9 2 1 7 4 3 5 
3 5 2 8 4 6 7 9 1 

Board 26:
2 8 6 3 1 7 9 4 5 
3 4 5 6 9 2 7 1 8 
1 9 7 8 5 4 3 6 2 
6 1 2 5 4 9 8 7 3 
7 3 8 1 2 6 4 5 9 
9 5 4 7 8 3 1 2 6 
4 2 3 9 6 1 5 8 7 
5 7 1 2 3 8 6 9 4 
8 6 9 4 7 5 2 3 1 

Board 27:
7 6 8 1 4 5 9 2 3 
4 2 9 7 3 8 5 6 1 
1 5 3 2 9 6 8 4 7 
5 7 6 3 2 1 4 8 9 
8 4 1 5 7 9 6 3 2 
3 9 2 6 8 4 1 7 5 
2 8 4 9 1 3 7 5 6 
6 1 7 8 5 2 3 9 4 
9 3 5 4 6 7 2 1 8 

Board 28:
9 5 6 1 3 4 7 8 2 
4 1 7 2 6 8 3 9 5 
2 8 3 9 5 7 1 6 4 
8 2 4 3 9 5 6 1 7 
1 3 5 6 7 2 8 4 9 
7 6 9 8 4 1 5 2 3 
3 7 2 4 1 6 9 5 8 
6 9 8 5 2 3 4 7 1 
5 4 1 7 8 9 2 3 6 

Board 29:
3 7 5 4 2 9 1 6 8 
8 9 1 7 5 6 3 4 2 
2 4 6 3 8 1 5 9 7 
6 1 2 9 3 8 7 5 4 
4 3 9 2 7 5 8 1 6 
5 8 7 6 1 4 9 2 3 
1 2 3 5 4 7 6 8 9 
7 6 8 1 9 2 4 3 5 
9 5 4 8 6 3 2 7 1 

Board 30:
7 8 9 2 5 6 1 3 4 
4 2 1 8 9 3 7 5 6 
3 6 5 7 1 4 9 2 8 
1 5 7 9 6 8 3 4 2 
9 4 8 3 2 1 5 6 7 
6 3 2 4 7 5 8 1 9 
2 7 6 5 3 9 4 8 1 
8 9 3 1 4 2 6 7 5 
5 1 4 6 8 7 2 9 3 

Board 31:
8 6 1 3 5 9 4 7 2 
3 7 9 1 2 4 8 5 6 
5 2 4 6 7 8 9 1 3 
4 1 2 9 6 7 3 8 5 
7 5 3 2 8 1 6 4 9 
9 8 6 5 4 3 1 2 7 
6 4 8 7 9 2 5 3 1 
2 3 5 8 1 6 7 9 4 
1 9 7 4 3 5 2 6 8 

Board 32:
6 8 2 9 1 7 4 3 5 
4 7 1 2 5 3 9 6 8 
3 5 9 8 6 4 7 2 1 
1 2 7 3 8 9 6 5 4 
5 3 6 7 4 1 8 9 2 
9 4 8 6 2 5 1 7 3 
8 9 4 5 3 6 2 1 7 
7 1 5 4 9 2 3 8 6 
2 6 3 1 7 8 5 4 9 

Board 33:
8 2 9 3 6 5 1 4 7 
6 4 3 7 1 8 5 2 9 
7 5 1 4 9 2 6 3 8 
3 1 8 5 2 7 4 9 6 
5 9 6 1 4 3 7 8 2 
4 7 2 9 8 6 3 1 5 
9 8 4 6 5 1 2 7 3 
2 6 7 8 3 4 9 5 1 
1 3 5 2 7 9 8 6 4 

Board 34:
4 1 5 9 2 6 8 7 3 
9 6 3 8 5 7 2 4 1 
8 7 2 3 4 1 9 6 5 
3 4 9 1 7 8 5 2 6 
6 5 7 4 3 2 1 9 8 
2 8 1 5 6 9 4 3 7 
1 2 8 7 9 3 6 5 4 
7 9 4 6 1 5 3 8 2 
5 3 6 2 8 4 7 1 9 

Board 35:
5 1 9 7 3 4 2 6 8 
3 2 4 9 8 6 5 1 7 
8 6 7 1 5 2 3 4 9 
4 8 1 6 2 5 7 9 3 
2 9 3 4 1 7 8 5 6 
7 5 6 3 9 8 1 2 4 
1 3 5 8 4 9 6 7 2 
9 7 2 5 6 3 4 8 1 
6 4 8 2 7 1 9 3 5 

Board 36:
6 9 4 2 8 1 7 3 5 
7 8 3 4 5 6 9 2 1 
5 2 1 9 7 3 6 4 8 
3 6 9 8 2 7 1 5 4 
2 5 8 6 1 4 3 9 7 
4 1 7 3 9 5 2 8 6 
8 3 5 7 6 2 4 1 9 
1 4 6 5 3 9 8 7 2 
9 7 2 1 4 8 5 6 3 

Board 37:
4 2 1 7 9 6 8 5 3 
3 6 5 2 8 1 4 9 7 
8 7 9 5 3 4 6 1 2 
6 9 4 8 7 5 2 3 1 
5 3 8 4 1 2 7 6 9 
7 1 2 3 6 9 5 8 4 
9 8 3 6 4 7 1 2 5 
2 4 6 1 5 3 9 7 8 
1 5 7 9 2 8 3 4 6 

Board 38:
5 8 6 4 3 7 1 9 2 
1 9 4 5 8 2 3 6 7 
7 2 3 9 6 1 4 5 8 
2 4 7 1 9 8 6 3 5 
8 3 9 6 5 4 7 2 1 
6 5 1 7 2 3 8 4 9 
9 7 5 3 1 6 2 8 4 
3 1 8 2 4 5 9 7 6 
4 6 2 8 7 9 5 1 3 

Board 39:
8 3 5 1 2 7 9 4 6 
4 2 7 6 9 5 3 1 8 
1 9 6 8 4 3 2 7 5 
5 1 2 4 7 8 6 9 3 
3 6 8 5 1 9 7 2 4 
9 7 4 2 3 6 8 5 1 
2 5 3 7 6 4 1 8 9 
7 4 9 3 8 1 5 6 2 
6 8 1 9 5 2 4 3 7 

Board 40:
1 9 8 4 2 7 3 6 5 
2 3 4 9 5 6 7 8 1 
6 7 5 8 1 3 9 4 2 
8 2 6 1 7 5 4 9 3 
5 4 3 6 9 8 2 1 7 
7 1 9 3 4 2 8 5 6 
3 6 2 5 8 4 1 7 9 
9 8 7 2 6 1 5 3 4 
4 5 1 7 3 9 6 2 8 

Board 41:
7 9 3 2 4 8 5 6 1 
1 2 5 9 7 6 3 8 4 
6 4 8 3 1 5 7 2 9 
9 8 2 6 5 7 4 1 3 
4 3 7 1 2 9 8 5 6 
5 6 1 8 3 4 2 9 7 
8 7 6 4 9 2 1 3 5 
3 5 9 7 8 1 6 4 2 
2 1 4 5 6 3 9 7 8 

Board 42:
2 9 4 8 1 6 3 7 5 
5 3 1 9 2 7 8 4 6 
7 8 6 5 3 4 2 1 9 
9 2 8 4 5 3 1 6 7 
1 5 3 7 6 9 4 8 2 
6 4 7 1 8 2 9 5 3 
8 7 5 2 9 1 6 3 4 
3 1 2 6 4 5 7 9 8 
4 6 9 3 7 8 5 2 1 

Board 43:
1 8 5 9 2 3 4 7 6 
9 4 2 5 7 6 1 3 8 
7 6 3 4 1 8 5 9 2 
2 5 9 8 4 1 7 6 3 
6 7 8 3 9 5 2 4 1 
3 1 4 2 6 7 8 5 9 
8 9 6 1 5 4 3 2 7 
4 3 7 6 8 2 9 1 5 
5 2 1 7 3 9 6 8 4 

Board 44:
9 4 8 2 6 7 3 5 1 
5 1 6 3 9 4 8 7 2 
3 7 2 5 1 8 4 6 9 
6 9 3 7 5 2 1 8 4 
1 5 4 9 8 3 6 2 7 
8 2 7 6 4 1 9 3 5 
7 6 5 1 3 9 2 4 8 
2 8 9 4 7 6 5 1 3 
4 3 1 8 2 5 7 9 6 

Board 45:
9 5 8 2 6 4 1 3 7 
3 4 6 7 8 1 2 5 9 
7 2 1 5 3 9 4 8 6 
2 3 4 1 5 6 9 7 8 
8 6 5 9 4 7 3 2 1 
1 9 7 3 2 8 5 6 4 
5 8 9 6 1 2 7 4 3 
6 1 3 4 7 5 8 9 2 
4 7 2 8 9 3 6 1 5 

Board 46:
4 7 1 6 2 3 5 8 9 
5 2 9 4 1 8 3 6 7 
6 8 3 5 7 9 4 2 1 
3 5 7 9 4 2 8 1 6 
8 4 6 7 5 1 2 9 3 
1 9 2 3 8 6 7 4 5 
9 3 8 2 6 5 1 7 4 
2 6 4 1 3 7 9 5 8 
7 1 5 8 9 4 6 3 2 

Board 47:
7 9 3 4 5 2 8 6 1 
1 2 4 7 8 6 5 9 3 
6 5 8 9 1 3 4 7 2 
9 7 5 8 2 1 3 4 6 
4 1 2 3 6 9 7 8 5 
8 3 6 5 7 4 2 1 9 
2 8 7 6 9 5 1 3 4 
3 6 1 2 4 7 9 5 8 
5 4 9 1 3 8 6 2 7 

Board 48:
6 1 9 5 7 2 3 4 8 
4 5 8 1 9 3 7 2 6 
7 3 2 6 8 4 1 9 5 
2 9 3 8 4 1 5 6 7 
5 4 1 9 6 7 8 3 2 
8 6 7 3 2 5 9 1 4 
1 8 5 2 3 6 4 7 9 
3 2 4 7 5 9 6 8 1 
9 7 6 4 1 8 2 5 3 

Board 49:
8 7 9 5 2 3 1 6 4 
3 1 5 4 6 9 2 8 7 
6 4 2 1 8 7 5 3 9 
4 6 7 8 5 1 3 9 2 
1 2 3 9 4 6 8 7 5 
5 9 8 3 7 2 4 1 6 
2 3 1 6 9 5 7 4 8 
7 8 6 2 1 4 9 5 3 
9 5 4 7 3 8 6 2 1 

Board 50:
8 3 2 1 9 4 5 7 6 
5 1 6 3 7 8 4 9 2 
4 7 9 6 2 5 1 8 3 
3 8 4 5 6 1 9 2 7 
9 5 7 4 3 2 6 1 8 
2 6 1 7 8 9 3 5 4 
6 4 5 8 1 7 2 3 9 
1 9 8 2 4 3 7 6 5 
7 2 3 9 5 6 8 4 1 

Board 51:
4 8 2 3 6 5 7 9 1 
1 7 3 4 9 8 5 2 6 
9 6 5 7 1 2 4 8 3 
7 5 8 2 3 4 6 1 9 
6 9 4 5 8 1 3 7 2 
3 2 1 6 7 9 8 4 5 
8 4 6 1 2 3 9 5 7 
5 1 7 9 4 6 2 3 8 
2 3 9 8 5 7 1 6 4 

Board 52:
1 3 5 2 7 4 8 9 6 
6 2 4 3 9 8 7 5 1 
9 7 8 5 6 1 3 4 2 
2 5 3 4 8 7 1 6 9 
4 8 1 6 5 9 2 7 3 
7 9 6 1 3 2 5 8 4 
5 4 9 7 2 3 6 1 8 
3 1 7 8 4 6 9 2 5 
8 6 2 9 1 5 4 3 7 

Board 53:
2 8 7 5 9 1 3 6 4 
4 5 3 2 8 6 1 9 7 
9 6 1 4 3 7 5 2 8 
6 2 4 7 1 9 8 3 5 
8 3 9 6 4 5 2 7 1 
1 7 5 8 2 3 9 4 6 
7 4 2 3 5 8 6 1 9 
3 9 8 1 6 4 7 5 2 
5 1 6 9 7 2 4 8 3 

Board 54:
8 7 1 4 9 2 5 6 3 
3 5 4 8 7 6 9 2 1 
2 9 6 3 1 5 7 4 8 
5 6 3 2 4 8 1 9 7 
1 8 9 7 6 3 2 5 4 
7 4 2 9 5 1 3 8 6 
4 2 5 1 8 7 6 3 9 
6 1 8 5 3 9 4 7 2 
9 3 7 6 2 4 8 1 5 

Board 55:
4 8 3 9 6 7 2 1 5 
7 9 2 3 5 1 4 8 6 
5 1 6 2 4 8 7 3 9 
2 6 8 7 1 9 3 5 4 
1 3 5 4 2 6 9 7 8 
9 4 7 8 3 5 6 2 1 
6 5 4 1 7 3 8 9 2 
3 2 9 5 8 4 1 6 7 
8 7 1 6 9 2 5 4 3 

Board 56:
7 4 9 6 1 3 8 2 5 
5 8 2 7 4 9 1 3 6 
3 6 1 8 2 5 9 4 7 
6 2 3 5 9 1 7 8 4 
8 5 7 2 6 4 3 1 9 
1 9 4 3 7 8 5 6 2 
2 3 8 4 5 7 6 9 1 
4 1 5 9 8 6 2 7 3 
9 7 6 1 3 2 4 5 8 

Board 57:
9 2 6 8 5 3 7 4 1 
4 7 1 6 2 9 3 5 8 
8 5 3 7 4 1 2 9 6 
2 4 5 9 7 6 8 1 3 
3 1 9 2 8 5 4 6 7 
6 8 7 1 3 4 9 2 5 
5 6 4 3 9 7 1 8 2 
7 9 8 5 1 2 6 3 4 
1 3 2 4 6 8 5 7 9 

Board 58:
4 6 8 9 5 3 7 1 2 
2 7 3 1 4 6 5 8 9 
1 5 9 7 8 2 4 6 3 
7 4 1 8 6 9 3 2 5 
6 9 5 2 3 7 8 4 1 
8 3 2 4 1 5 6 9 7 
9 8 4 5 7 1 2 3 6 
3 2 7 6 9 8 1 5 4 
5 1 6 3 2 4 9 7 8 

Board 59:
6 7 4 2 1 9 5 3 8 
1 9 2 3 8 5 7 6 4 
3 5 8 7 6 4 2 9 1 
2 8 5 4 3 6 9 1 7 
4 1 7 5 9 8 6 2 3 
9 6 3 1 2 7 8 4 5 
5 2 1 9 7 3 4 8 6 
8 4 9 6 5 1 3 7 2 
7 3 6 8 4 2 1 5 9 

Board 60:
6 7 4 3 8 2 5 9 1 
2 1 3 5 7 9 8 6 4 
9 8 5 6 1 4 2 7 3 
4 5 1 8 6 3 9 2 7 
7 6 9 4 2 1 3 5 8 
3 2 8 9 5 7 1 4 6 
1 3 2 7 4 5 6 8 9 
8 9 7 2 3 6 4 1 5 
5 4 6 1 9 8 7 3 2 

Board 61:
5 9 1 3 4 8 2 6 7 
7 8 4 5 6 2 9 3 1 
2 3 6 9 1 7 5 4 8 
4 6 3 7 2 5 1 8 9 
1 2 9 4 8 6 7 5 3 
8 5 7 1 3 9 4 2 6 
3 7 5 8 9 4 6 1 2 
6 4 8 2 7 1 3 9 5 
9 1 2 6 5 3 8 7 4 

Board 62:
3 2 9 8 1 6 7 5 4 
4 5 7 2 9 3 8 6 1 
6 8 1 4 5 7 2 3 9 
1 4 8 9 7 5 3 2 6 
7 6 5 3 4 2 9 1 8 
9 3 2 1 6 8 4 7 5 
2 7 4 6 8 1 5 9 3 
5 9 6 7 3 4 1 8 2 
8 1 3 5 2 9 6 4 7 

Board 63:
4 2 6 1 5 7 9 8 3 
7 9 3 2 6 8 1 4 5 
5 1 8 4 9 3 2 7 6 
6 3 4 7 1 2 5 9 8 
1 5 7 8 3 9 6 2 4 
9 8 2 5 4 6 3 1 7 
3 4 9 6 8 1 7 5 2 
2 6 5 9 7 4 8 3 1 
8 7 1 3 2 5 4 6 9 

Board 64:
1 4 6 3 2 7 8 5 9 
9 5 7 6 1 8 4 3 2 
3 2 8 4 9 5 1 7 6 
5 8 1 9 4 6 3 2 7 
7 6 3 5 8 2 9 1 4 
2 9 4 7 3 1 5 6 8 
4 7 9 2 5 3 6 8 1 
6 1 5 8 7 4 2 9 3 
8 3 2 1 6 9 7 4 5 

Board 65:
5 3 7 8 9 6 1 4 2 
6 8 4 5 2 1 9 7 3 
2 9 1 4 7 3 6 5 8 
8 2 9 1 6 7 5 3 4 
7 5 3 9 4 2 8 6 1 
4 1 6 3 5 8 2 9 7 
9 6 2 7 1 4 3 8 5 
3 7 5 2 8 9 4 1 6 
1 4 8 6 3 5 7 2 9 

Board 66:
2 4 3 6 7 8 9 5 1 
9 8 5 2 4 1 3 7 6 
7 1 6 9 5 3 8 4 2 
6 5 7 1 2 9 4 8 3 
8 3 4 5 6 7 1 2 9 
1 2 9 8 3 4 5 6 7 
5 6 1 4 9 2 7 3 8 
4 7 8 3 1 6 2 9 5 
3 9 2 7 8 5 6 1 4 

Board 67:
7 5 1 3 9 4 2 6 8 
3 6 9 1 8 2 7 5 4 
2 8 4 5 7 6 9 1 3 
8 7 6 9 2 5 3 4 1 
1 3 2 4 6 8 5 9 7 
4 9 5 7 3 1 6 8 2 
6 1 8 2 5 3 4 7 9 
5 2 7 8 4 9 1 3 6 
9 4 3 6 1 7 8 2 5 

Board 68:
2 3 5 8 1 4 6 7 9 
4 8 9 2 6 7 1 3 5 
7 1 6 9 5 3 2 8 4 
3 4 2 1 8 5 7 9 6 
8 9 7 4 3 6 5 2 1 
6 5 1 7 9 2 3 4 8 
1 6 8 3 2 9 4 5 7 
9 2 4 5 7 1 8 6 3 
5 7 3 6 4 8 9 1 2 

Board 69:
6 9 1 5 3 8 4 7 2 
5 8 7 1 4 2 6 3 9 
4 3 2 9 6 7 1 8 5 
1 4 5 3 8 6 9 2 7 
8 7 6 4 2 9 3 5 1 
3 2 9 7 5 1 8 6 4 
9 6 4 2 7 3 5 1 8 
7 5 8 6 1 4 2 9 3 
2 1 3 8 9 5 7 4 6 

Board 70:
1 4 3 5 6 9 2 8 7 
7 9 2 8 3 1 5 6 4 
8 5 6 2 7 4 1 3 9 
4 3 8 6 1 5 9 7 2 
6 2 9 7 4 8 3 5 1 
5 7 1 3 9 2 8 4 6 
2 6 4 9 8 3 7 1 5 
3 1 5 4 2 7 6 9 8 
9 8 7 1 5 6 4 2 3 

Board 71:
1 7 2 8 3 4 5 6 9 
9 4 5 1 2 6 7 3 8 
6 3 8 9 7 5 4 2 1 
3 1 4 7 8 9 6 5 2 
8 6 7 5 4 2 1 9 3 
2 5 9 3 6 1 8 4 7 
5 2 3 4 1 8 9 7 6 
7 9 1 6 5 3 2 8 4 
4 8 6 2 9 7 3 1 5 

Board 72:
9 5 7 2 6 1 4 8 3 
2 3 8 4 9 5 1 7 6 
4 1 6 8 7 3 2 5 9 
8 2 5 7 1 9 3 6 4 
7 4 9 6 3 2 8 1 5 
1 6 3 5 4 8 7 9 2 
3 7 2 9 8 6 5 4 1 
6 8 1 3 5 4 9 2 7 
5 9 4 1 2 7 6 3 8 

Board 73:
4 6 8 9 5 2 1 7 3 
2 9 1 3 4 7 5 8 6 
7 3 5 8 1 6 4 9 2 
5 7 9 1 8 3 2 6 4 
6 4 3 5 2 9 8 1 7 
8 1 2 7 6 4 9 3 5 
1 5 6 4 7 8 3 2 9 
9 2 4 6 3 1 7 5 8 
3 8 7 2 9 5 6 4 1 

Board 74:
8 3 7 6 1 4 2 5 9 
2 5 4 3 9 8 1 6 7 
6 1 9 2 5 7 3 4 8 
1 8 3 7 2 6 4 9 5 
9 6 2 4 8 5 7 3 1 
7 4 5 1 3 9 8 2 6 
3 9 8 5 7 2 6 1 4 
4 7 1 9 6 3 5 8 2 
5 2 6 8 4 1 9 7 3 

Board 75:
5 9 6 3 4 7 2 1 8 
3 1 4 5 8 2 9 7 6 
7 8 2 9 6 1 4 3 5 
4 3 9 6 1 8 5 2 7 
1 2 5 4 7 9 8 6 3 
8 6 7 2 5 3 1 9 4 
2 5 1 7 3 4 6 8 9 
6 7 8 1 9 5 3 4 2 
9 4 3 8 2 6 7 5 1 

Board 76:
2 5 6 3 9 1 8 4 7 
3 9 8 2 4 7 1 6 5 
4 1 7 5 6 8 9 2 3 
7 2 9 4 1 3 6 5 8 
1 4 5 6 8 2 7 3 9 
8 6 3 9 7 5 4 1 2 
6 3 4 8 5 9 2 7 1 
9 7 2 1 3 6 5 8 4 
5 8 1 7 2 4 3 9 6 

Board 77:
9 7 1 2 3 6 5 4 8 
3 5 6 1 4 8 7 2 9 
8 4 2 7 9 5 1 6 3 
5 8 3 4 7 2 9 1 6 
4 1 7 3 6 9 2 8 5 
6 2 9 5 8 1 3 7 4 
7 6 8 9 1 3 4 5 2 
1 3 5 6 2 4 8 9 7 
2 9 4 8 5 7 6 3 1 

Board 78:
7 6 8 5 2 9 4 3 1 
9 2 4 8 1 3 5 7 6 
3 5 1 7 4 6 9 8 2 
6 4 2 9 7 5 3 1 8 
1 9 5 2 3 8 6 4 7 
8 7 3 4 6 1 2 9 5 
2 1 9 6 8 4 7 5 3 
4 8 6 3 5 7 1 2 9 
5 3 7 1 9 2 8 6 4 

Board 79:
2 1 6 4 8 9 3 5 7 
7 9 3 1 5 2 8 4 6 
8 5 4 7 6 3 9 1 2 
3 4 1 5 7 6 2 9 8 
5 8 9 2 3 4 6 7 1 
6 2 7 8 9 1 4 3 5 
9 7 8 3 2 5 1 6 4 
1 3 2 6 4 7 5 8 9 
4 6 5 9 1 8 7 2 3 

Board 80:
5 8 7 3 6 2 9 4 1 
2 6 4 9 7 1 3 8 5 
3 1 9 8 5 4 6 7 2 
4 5 6 1 2 7 8 3 9 
7 2 3 6 9 8 5 1 4 
8 9 1 5 4 3 7 2 6 
9 3 2 7 1 5 4 6 8 
1 7 5 4 8 6 2 9 3 
6 4 8 2 3 9 1 5 7 

Board 81:
1 4 6 3 8 9 2 7 5 
2 7 8 6 5 4 3 1 9 
5 3 9 2 1 7 6 4 8 
7 1 3 5 6 8 9 2 4 
6 8 5 4 9 2 1 3 7 
9 2 4 7 3 1 5 8 6 
3 6 7 1 4 5 8 9 2 
8 5 2 9 7 3 4 6 1 
4 9 1 8 2 6 7 5 3 

Board 82:
4 1 2 5 7 9 6 3 8 
9 3 5 4 8 6 1 2 7 
7 8 6 3 1 2 5 4 9 
5 2 1 7 4 3 9 8 6 
6 9 7 8 2 5 4 1 3 
3 4 8 6 9 1 2 7 5 
8 5 3 2 6 4 7 9 1 
1 7 4 9 5 8 3 6 2 
2 6 9 1 3 7 8 5 4 

Board 83:
3 8 4 5 6 7 2 9 1 
6 9 7 4 1 2 3 8 5 
2 1 5 3 8 9 7 6 4 
4 6 9 2 5 1 8 7 3 
5 7 3 6 9 8 1 4 2 
8 2 1 7 4 3 6 5 9 
1 4 6 8 3 5 9 2 7 
7 3 8 9 2 4 5 1 6 
9 5 2 1 7 6 4 3 8 

Board 84:
7 9 5 1 4 3 8 6 2 
6 2 3 5 9 8 1 4 7 
4 8 1 6 7 2 5 9 3 
5 4 7 2 6 1 3 8 9 
3 6 8 4 5 9 7 2 1 
2 1 9 8 3 7 6 5 4 
9 7 6 3 8 4 2 1 5 
1 5 4 7 2 6 9 3 8 
8 3 2 9 1 5 4 7 6 

Board 85:
2 3 6 1 5 9 7 8 4 
8 7 5 6 4 3 9 1 2 
4 9 1 7 2 8 6 5 3 
1 6 8 4 9 7 2 3 5 
3 5 4 2 6 1 8 9 7 
9 2 7 8 3 5 4 6 1 
5 8 2 9 1 4 3 7 6 
6 1 9 3 7 2 5 4 8 
7 4 3 5 8 6 1 2 9 

Board 86:
6 4 9 3 8 1 2 7 5 
1 5 8 4 2 7 3 6 9 
2 7 3 5 6 9 1 4 8 
5 1 2 8 9 4 6 3 7 
9 3 4 1 7 6 8 5 2 
7 8 6 2 3 5 4 9 1 
4 6 1 9 5 2 7 8 3 
8 9 7 6 1 3 5 2 4 
3 2 5 7 4 8 9 1 6 

Board 87:
7 5 9 3 1 4 6 2 8 
8 3 4 7 2 6 5 9 1 
2 1 6 8 9 5 4 3 7 
5 9 7 2 4 8 3 1 6 
4 2 8 1 6 3 7 5 9 
1 6 3 9 5 7 2 8 4 
3 4 5 6 8 9 1 7 2 
6 8 1 5 7 2 9 4 3 
9 7 2 4 3 1 8 6 5 

Board 88:
7 2 1 5 9 3 6 4 8 
6 8 5 7 4 1 9 2 3 
9 4 3 6 8 2 7 1 5 
1 6 9 4 5 8 2 3 7 
4 7 2 1 3 9 8 5 6 
5 3 8 2 7 6 4 9 1 
8 1 7 9 2 5 3 6 4 
3 9 6 8 1 4 5 7 2 
2 5 4 3 6 7 1 8 9 

Board 89:
4 6 7 3 1 8 9 5 2 
3 8 1 9 5 2 7 4 6 
9 2 5 6 7 4 8 3 1 
8 7 3 5 2 9 1 6 4 
1 4 2 8 3 6 5 9 7 
6 5 9 7 4 1 3 2 8 
2 3 4 1 8 5 6 7 9 
5 9 8 2 6 7 4 1 3 
7 1 6 4 9 3 2 8 5 

Board 90:
1 2 8 6 7 9 4 5 3 
5 9 4 1 8 3 6 7 2 
3 6 7 2 5 4 8 1 9 
9 7 6 8 4 5 2 3 1 
2 5 3 9 6 1 7 4 8 
4 8 1 7 3 2 5 9 6 
8 4 2 3 9 7 1 6 5 
7 1 9 5 2 6 3 8 4 
6 3 5 4 1 8 9 2 7 

Board 91:
1 4 3 5 7 9 2 6 8 
2 5 9 4 8 6 3 1 7 
7 8 6 1 3 2 9 5 4 
4 7 2 8 9 5 1 3 6 
3 1 5 6 4 7 8 9 2 
6 9 8 2 1 3 7 4 5 
8 3 1 7 5 4 6 2 9 
5 2 7 9 6 1 4 8 3 
9 6 4 3 2 8 5 7 1 

Board 92:
3 7 1 4 8 6 9 2 5 
2 4 8 3 9 5 1 7 6 
9 5 6 1 7 2 3 8 4 
1 6 4 7 5 9 2 3 8 
8 9 2 6 3 1 5 4 7 
7 3 5 2 4 8 6 9 1 
5 2 9 8 6 7 4 1 3 
4 1 7 5 2 3 8 6 9 
6 8 3 9 1 4 7 5 2 

Board 93:
8 6 9 5 3 4 1 2 7 
4 3 1 2 9 7 5 6 8 
7 2 5 8 1 6 3 9 4 
6 9 7 1 2 8 4 3 5 
3 5 8 4 6 9 2 7 1 
2 1 4 3 7 5 6 8 9 
5 4 6 9 8 3 7 1 2 
9 7 2 6 4 1 8 5 3 
1 8 3 7 5 2 9 4 6 

Board 94:
7 6 9 5 1 3 8 4 2 
1 3 2 6 4 8 7 5 9 
4 8 5 2 7 9 1 3 6 
8 5 4 3 2 6 9 1 7 
2 9 7 4 5 1 3 6 8 
6 1 3 9 8 7 4 2 5 
3 7 6 1 9 5 2 8 4 
9 2 1 8 6 4 5 7 3 
5 4 8 7 3 2 6 9 1 

Board 95:
2 5 4 9 6 3 8 1 7 
3 8 1 5 2 7 4 9 6 
7 6 9 4 8 1 3 2 5 
8 1 3 2 9 6 5 7 4 
4 9 6 8 7 5 1 3 2 
5 7 2 3 1 4 6 8 9 
9 3 5 7 4 8 2 6 1 
1 2 8 6 5 9 7 4 3 
6 4 7 1 3 2 9 5 8 

Board 96:
2 5 8 6 9 3 7 4 1 
1 7 3 2 4 5 6 9 8 
9 6 4 8 1 7 3 2 5 
6 9 5 4 3 2 1 8 7 
3 1 7 9 5 8 2 6 4 
4 8 2 1 7 6 9 5 3 
7 2 9 5 8 1 4 3 6 
8 3 6 7 2 4 5 1 9 
5 4 1 3 6 9 8 7 2 

Board 97:
7 6 3 5 4 1 2 8 9 
2 4 8 3 7 9 6 5 1 
1 5 9 8 6 2 3 7 4 
4 7 6 2 8 3 1 9 5 
5 3 1 7 9 6 8 4 2 
8 9 2 1 5 4 7 3 6 
6 1 5 9 3 8 4 2 7 
3 2 7 4 1 5 9 6 8 
9 8 4 6 2 7 5 1 3 

Board 98:
6 1 2 8 5 3 9 7 4 
3 7 5 6 4 9 1 8 2 
4 9 8 7 1 2 3 6 5 
7 8 6 3 9 4 5 2 1 
1 3 9 2 8 5 7 4 6 
5 2 4 1 7 6 8 3 9 
9 6 7 4 3 1 2 5 8 
8 4 1 5 2 7 6 9 3 
2 5 3 9 6 8 4 1 7 

Board 99:
4 6 7 8 5 1 9 3 2 
2 9 3 4 7 6 8 1 5 
8 5 1 9 3 2 6 4 7 
5 1 8 7 2 3 4 9 6 
6 7 4 5 8 9 1 2 3 
9 3 2 6 1 4 7 5 8 
3 4 9 2 6 8 5 7 1 
1 8 5 3 4 7 2 6 9 
7 2 6 1 9 5 3 8 4 

Board 100:
2 8 4 7 9 6 3 1 5 
6 7 3 1 2 5 8 4 9 
9 5 1 3 8 4 2 6 7 
7 4 6 5 3 1 9 2 8 
8 9 5 6 7 2 4 3 1 
3 1 2 8 4 9 5 7 6 
1 2 8 9 6 3 7 5 4 
5 3 7 4 1 8 6 9 2 
4 6 9 2 5 7 1 8 3 

Board 101:
2 7 8 9 3 6 1 4 5 
9 1 3 4 8 5 7 6 2 
4 6 5 7 2 1 9 8 3 
5 9 2 6 7 4 8 3 1 
8 3 1 5 9 2 4 7 6 
6 4 7 3 1 8 5 2 9 
1 8 4 2 6 9 3 5 7 
7 2 9 8 5 3 6 1 4 
3 5 6 1 4 7 2 9 8 

Board 102:
3 9 2 4 7 5 1 8 6 
8 6 7 9 1 3 2 5 4 
4 1 5 8 2 6 7 9 3 
7 4 6 2 5 8 3 1 9 
5 3 9 7 6 1 8 4 2 
1 2 8 3 4 9 5 6 7 
9 5 1 6 3 2 4 7 8 
6 7 3 1 8 4 9 2 5 
2 8 4 5 9 7 6 3 1 

Board 103:
1 4 2 9 8 5 7 6 3 
8 9 5 6 3 7 1 4 2 
6 7 3 1 4 2 9 8 5 
4 8 9 3 6 1 2 5 7 
2 6 7 5 9 4 3 1 8 
3 5 1 2 7 8 6 9 4 
5 1 8 7 2 6 4 3 9 
7 3 4 8 1 9 5 2 6 
9 2 6 4 5 3 8 7 1 

Board 104:
8 9 2 6 3 4 1 5 7 
7 3 5 8 2 1 9 6 4 
1 6 4 9 7 5 2 8 3 
9 2 6 1 8 7 4 3 5 
5 4 8 3 9 2 6 7 1 
3 1 7 5 4 6 8 2 9 
4 5 9 2 6 3 7 1 8 
6 8 1 7 5 9 3 4 2 
2 7 3 4 1 8 5 9 6 

Board 105:
1 4 2 3 6 5 7 9 8 
7 9 6 4 8 2 3 1 5 
5 8 3 1 7 9 6 4 2 
6 2 4 8 5 3 1 7 9 
8 5 1 6 9 7 4 2 3 
3 7 9 2 4 1 8 5 6 
2 6 8 5 1 4 9 3 7 
4 3 7 9 2 8 5 6 1 
9 1 5 7 3 6 2 8 4 

Board 106:
6 1 9 2 8 3 5 7 4 
3 8 4 7 1 5 9 2 6 
2 5 7 4 6 9 8 3 1 
4 7 6 5 2 1 3 9 8 
1 9 8 6 3 7 4 5 2 
5 2 3 8 9 4 6 1 7 
8 4 5 3 7 2 1 6 9 
9 3 2 1 4 6 7 8 5 
7 6 1 9 5 8 2 4 3 

Board 107:
5 3 2 6 7 1 9 8 4 
4 1 7 2 9 8 6 3 5 
9 6 8 5 3 4 7 2 1 
3 8 4 1 5 6 2 7 9 
2 5 1 9 8 7 4 6 3 
6 7 9 3 4 2 5 1 8 
1 2 5 8 6 9 3 4 7 
7 9 6 4 1 3 8 5 2 
8 4 3 7 2 5 1 9 6 

Board 108:
1 4 7 8 3 6 9 5 2 
9 6 3 1 2 5 8 7 4 
5 2 8 4 9 7 3 6 1 
2 3 5 9 8 1 6 4 7 
4 9 6 2 7 3 1 8 5 
8 7 1 5 6 4 2 3 9 
3 5 2 6 4 9 7 1 8 
6 1 9 7 5 8 4 2 3 
7 8 4 3 1 2 5 9 6 

Board 109:
3 7 9 5 1 4 8 2 6 
6 5 8 2 7 9 4 1 3 
2 1 4 8 3 6 9 5 7 
1 9 6 4 5 2 7 3 8 
8 4 5 7 6 3 2 9 1 
7 2 3 9 8 1 5 6 4 
5 8 1 3 2 7 6 4 9 
9 3 2 6 4 8 1 7 5 
4 6 7 1 9 5 3 8 2 

Board 110:
4 2 7 5 3 6 1 9 8 
5 3 1 9 7 8 4 2 6 
8 9 6 1 4 2 7 5 3 
7 4 8 6 2 5 3 1 9 
9 1 5 3 8 7 6 4 2 
3 6 2 4 1 9 8 7 5 
2 8 4 7 9 3 5 6 1 
6 7 9 8 5 1 2 3 4 
1 5 3 2 6 4 9 8 7 

Board 111:
7 4 9 6 3 2 1 8 5 
5 8 1 7 4 9 6 2 3 
2 3 6 5 8 1 9 7 4 
4 2 7 1 6 3 8 5 9 
9 6 5 4 7 8 3 1 2 
3 1 8 2 9 5 4 6 7 
1 5 4 9 2 6 7 3 8 
6 7 3 8 5 4 2 9 1 
8 9 2 3 1 7 5 4 6 

Board 112:
3 7 5 4 2 6 8 9 1 
8 6 9 1 3 7 2 5 4 
4 1 2 8 5 9 6 3 7 
2 8 4 3 7 1 5 6 9 
5 3 1 9 6 8 7 4 2 
7 9 6 5 4 2 3 1 8 
1 2 3 6 8 4 9 7 5 
6 4 8 7 9 5 1 2 3 
9 5 7 2 1 3 4 8 6 

Board 113:
5 9 8 1 2 7 4 6 3 
1 6 3 8 4 9 7 2 5 
7 4 2 5 6 3 9 1 8 
4 7 9 6 5 8 2 3 1 
2 1 5 3 7 4 6 8 9 
3 8 6 9 1 2 5 7 4 
6 3 1 7 9 5 8 4 2 
9 2 7 4 8 1 3 5 6 
8 5 4 2 3 6 1 9 7 

Board 114:
3 5 9 2 6 1 8 7 4 
4 6 1 9 7 8 5 2 3 
2 7 8 4 5 3 1 6 9 
8 4 6 7 9 2 3 5 1 
7 3 5 8 1 4 2 9 6 
9 1 2 5 3 6 4 8 7 
6 9 3 1 2 5 7 4 8 
5 8 7 3 4 9 6 1 2 
1 2 4 6 8 7 9 3 5 

Board 115:
5 4 8 9 1 2 6 3 7 
6 2 1 7 8 3 5 4 9 
9 3 7 4 5 6 2 1 8 
7 5 4 8 3 1 9 2 6 
3 1 9 2 6 7 8 5 4 
8 6 2 5 4 9 3 7 1 
2 9 5 6 7 4 1 8 3 
4 8 3 1 9 5 7 6 2 
1 7 6 3 2 8 4 9 5 

Board 116:
1 3 6 9 5 7 2 4 8 
5 2 9 8 3 4 7 1 6 
7 4 8 1 6 2 9 3 5 
3 8 5 7 2 1 4 6 9 
6 7 1 4 9 3 5 8 2 
4 9 2 6 8 5 3 7 1 
9 5 4 3 1 6 8 2 7 
2 6 3 5 7 8 1 9 4 
8 1 7 2 4 9 6 5 3 

Board 117:
2 7 6 4 5 3 1 9 8 
1 9 3 6 7 8 5 2 4 
8 5 4 2 1 9 6 3 7 
9 4 2 3 6 7 8 1 5 
5 3 7 8 2 1 4 6 9 
6 8 1 5 9 4 3 7 2 
4 6 5 9 3 2 7 8 1 
3 1 9 7 8 5 2 4 6 
7 2 8 1 4 6 9 5 3 

Board 118:
6 7 1 8 9 2 5 3 4 
5 3 4 6 1 7 2 8 9 
2 8 9 5 3 4 1 7 6 
8 2 3 9 6 1 7 4 5 
9 5 6 7 4 8 3 1 2 
1 4 7 2 5 3 9 6 8 
7 9 8 3 2 6 4 5 1 
3 1 5 4 8 9 6 2 7 
4 6 2 1 7 5 8 9 3 

Board 119:
3 9 5 2 6 1 4 8 7 
2 1 7 3 8 4 6 5 9 
8 6 4 9 5 7 2 1 3 
1 3 2 8 9 5 7 6 4 
5 7 8 4 3 6 9 2 1 
6 4 9 7 1 2 8 3 5 
4 2 6 1 7 3 5 9 8 
9 5 1 6 4 8 3 7 2 
7 8 3 5 2 9 1 4 6 

Board 120:
7 3 1 4 5 2 6 8 9 
5 4 8 1 6 9 3 2 7 
9 2 6 8 3 7 5 4 1 
2 5 3 6 4 1 9 7 8 
6 9 4 2 7 8 1 5 3 
8 1 7 5 9 3 4 6 2 
3 7 5 9 8 6 2 1 4 
1 6 9 7 2 4 8 3 5 
4 8 2 3 1 5 7 9 6 

Board 121:
9 4 2 5 3 1 7 8 6 
8 7 6 2 9 4 3 5 1 
3 5 1 8 7 6 2 4 9 
1 2 7 9 4 8 5 6 3 
5 8 9 3 6 2 4 1 7 
4 6 3 1 5 7 9 2 8 
2 9 8 4 1 3 6 7 5 
6 1 5 7 2 9 8 3 4 
7 3 4 6 8 5 1 9 2 

Board 122:
1 9 8 4 7 6 3 2 5 
5 2 3 8 9 1 7 6 4 
7 6 4 3 2 5 1 9 8 
9 8 6 1 4 3 2 5 7 
3 1 7 5 6 2 8 4 9 
2 4 5 7 8 9 6 1 3 
6 7 9 2 3 4 5 8 1 
4 3 1 6 5 8 9 7 2 
8 5 2 9 1 7 4 3 6 

Board 123:
4 9 3 2 5 7 1 6 8 
6 1 7 9 4 8 3 2 5 
8 2 5 3 6 1 7 4 9 
7 8 6 5 9 4 2 1 3 
3 4 2 8 1 6 9 5 7 
9 5 1 7 3 2 6 8 4 
1 6 8 4 7 3 5 9 2 
5 7 4 6 2 9 8 3 1 
2 3 9 1 8 5 4 7 6 

Board 124:
7 2 1 5 9 6 4 8 3 
8 9 4 2 3 7 6 1 5 
3 5 6 1 8 4 2 7 9 
5 1 8 4 7 2 3 9 6 
6 4 9 8 5 3 1 2 7 
2 3 7 6 1 9 8 5 4 
9 6 5 3 2 1 7 4 8 
4 7 2 9 6 8 5 3 1 
1 8 3 7 4 5 9 6 2 

Board 125:
3 4 9 6 8 1 2 7 5 
8 7 6 2 3 5 4 9 1 
1 2 5 4 7 9 8 3 6 
6 8 2 5 1 3 9 4 7 
4 9 3 8 6 7 1 5 2 
5 1 7 9 2 4 3 6 8 
9 5 1 7 4 2 6 8 3 
2 6 4 3 5 8 7 1 9 
7 3 8 1 9 6 5 2 4 

Board 126:
1 6 5 2 8 7 3 9 4 
2 7 9 3 4 5 1 8 6 
3 4 8 9 1 6 2 7 5 
4 5 7 1 2 8 9 6 3 
9 1 3 5 6 4 7 2 8 
6 8 2 7 3 9 5 4 1 
7 9 4 6 5 1 8 3 2 
8 3 1 4 7 2 6 5 9 
5 2 6 8 9 3 4 1 7 

Board 127:
4 7 8 9 6 2 3 5 1 
3 2 5 4 1 7 9 6 8 
6 9 1 8 3 5 7 2 4 
9 3 6 5 2 4 8 1 7 
2 8 4 6 7 1 5 3 9 
1 5 7 3 8 9 2 4 6 
8 6 2 1 9 3 4 7 5 
5 1 3 7 4 8 6 9 2 
7 4 9 2 5 6 1 8 3 

Board 128:
9 3 4 7 1 2 6 5 8 
1 6 2 9 8 5 7 3 4 
8 7 5 3 4 6 2 1 9 
2 9 7 1 6 3 4 8 5 
4 5 3 8 7 9 1 2 6 
6 8 1 2 5 4 9 7 3 
5 4 8 6 2 7 3 9 1 
7 1 9 4 3 8 5 6 2 
3 2 6 5 9 1 8 4 7 

Board 129:
1 5 9 3 8 4 2 7 6 
2 4 6 7 9 5 8 3 1 
8 7 3 2 1 6 5 9 4 
3 1 4 5 6 8 7 2 9 
6 8 5 9 7 2 1 4 3 
7 9 2 4 3 1 6 8 5 
9 2 8 1 5 3 4 6 7 
5 6 7 8 4 9 3 1 2 
4 3 1 6 2 7 9 5 8 

Board 130:
4 2 1 9 8 5 6 3 7 
8 3 5 1 7 6 9 2 4 
9 6 7 2 4 3 8 1 5 
1 4 6 3 5 7 2 9 8 
3 7 9 8 6 2 5 4 1 
2 5 8 4 9 1 7 6 3 
5 8 4 6 1 9 3 7 2 
7 9 2 5 3 4 1 8 6 
6 1 3 7 2 8 4 5 9 

Board 131:
3 6 5 1 2 7 8 9 4 
9 1 7 4 8 3 6 5 2 
2 8 4 6 5 9 3 1 7 
7 2 9 5 1 8 4 6 3 
8 3 1 7 4 6 9 2 5 
5 4 6 9 3 2 7 8 1 
1 5 8 3 6 4 2 7 9 
4 7 2 8 9 1 5 3 6 
6 9 3 2 7 5 1 4 8 

Board 132:
8 3 6 7 9 4 1 2 5 
5 1 7 6 3 2 8 4 9 
2 9 4 5 8 1 7 6 3 
7 8 5 1 2 6 9 3 4 
3 6 9 8 4 7 5 1 2 
1 4 2 9 5 3 6 8 7 
9 2 8 4 1 5 3 7 6 
6 5 3 2 7 8 4 9 1 
4 7 1 3 6 9 2 5 8 

Board 133:
3 5 6 4 7 8 1 9 2 
9 1 8 2 6 5 3 4 7 
7 2 4 3 1 9 6 5 8 
4 3 9 8 2 6 5 7 1 
8 7 5 9 3 1 4 2 6 
2 6 1 5 4 7 8 3 9 
5 4 7 1 8 2 9 6 3 
1 9 2 6 5 3 7 8 4 
6 8 3 7 9 4 2 1 5 

Board 134:
1 7 3 5 2 4 8 6 9 
8 2 9 6 3 7 4 1 5 
5 4 6 8 9 1 3 7 2 
6 8 5 4 7 3 9 2 1 
9 3 2 1 8 5 6 4 7 
7 1 4 2 6 9 5 3 8 
2 9 7 3 5 6 1 8 4 
3 5 1 7 4 8 2 9 6 
4 6 8 9 1 2 7 5 3 

Board 135:
3 6 1 4 5 7 2 8 9 
8 7 2 3 6 9 1 4 5 
4 9 5 8 1 2 3 7 6 
7 1 9 6 3 8 4 5 2 
2 8 4 7 9 5 6 1 3 
6 5 3 2 4 1 8 9 7 
9 2 6 5 8 4 7 3 1 
1 3 8 9 7 6 5 2 4 
5 4 7 1 2 3 9 6 8 

Board 136:
3 5 6 1 9 2 4 8 7 
9 4 2 5 8 7 3 6 1 
7 8 1 4 3 6 9 2 5 
6 1 5 9 2 8 7 4 3 
8 9 7 3 6 4 1 5 2 
2 3 4 7 5 1 6 9 8 
1 6 9 2 7 5 8 3 4 
5 7 3 8 4 9 2 1 6 
4 2 8 6 1 3 5 7 9 

Board 137:
3 8 7 1 2 6 4 9 5 
4 1 9 8 7 5 6 2 3 
5 2 6 9 4 3 1 7 8 
6 5 4 7 9 2 3 8 1 
7 3 8 4 5 1 9 6 2 
1 9 2 3 6 8 5 4 7 
8 7 5 6 3 4 2 1 9 
2 6 1 5 8 9 7 3 4 
9 4 3 2 1 7 8 5 6 

Board 138:
1 7 9 5 3 8 2 6 4 
8 5 6 9 2 4 1 3 7 
3 4 2 7 1 6 9 5 8 
9 8 5 3 4 1 6 7 2 
7 6 3 2 8 9 5 4 1 
4 2 1 6 5 7 3 8 9 
6 9 4 1 7 5 8 2 3 
5 3 7 8 9 2 4 1 6 
2 1 8 4 6 3 7 9 5 

Board 139:
2 3 1 8 9 6 5 4 7 
9 6 4 5 2 7 8 1 3 
5 8 7 3 1 4 9 6 2 
1 5 9 6 8 3 7 2 4 
3 2 8 7 4 9 1 5 6 
4 7 6 1 5 2 3 9 8 
7 1 5 4 6 8 2 3 9 
6 9 3 2 7 5 4 8 1 
8 4 2 9 3 1 6 7 5 

Board 140:
4 5 7 1 2 9 8 3 6 
1 3 9 4 8 6 7 5 2 
8 6 2 3 5 7 4 1 9 
5 2 4 7 3 8 6 9 1 
6 1 8 5 9 2 3 4 7 
9 7 3 6 1 4 5 2 8 
7 8 5 9 4 1 2 6 3 
2 4 1 8 6 3 9 7 5 
3 9 6 2 7 5 1 8 4 

Board 141:
7 3 9 4 5 8 6 2 1 
4 1 2 7 9 6 8 5 3 
6 5 8 2 1 3 7 4 9 
9 8 5 3 2 7 1 6 4 
1 4 6 5 8 9 2 3 7 
2 7 3 1 6 4 9 8 5 
3 6 1 8 7 5 4 9 2 
8 2 4 9 3 1 5 7 6 
5 9 7 6 4 2 3 1 8 

Board 142:
4 9 7 3 6 1 2 8 5 
1 8 5 4 7 2 3 6 9 
3 6 2 9 5 8 4 1 7 
9 5 3 6 4 7 1 2 8 
6 2 1 5 8 9 7 3 4 
8 7 4 2 1 3 9 5 6 
2 4 8 7 3 6 5 9 1 
7 3 6 1 9 5 8 4 2 
5 1 9 8 2 4 6 7 3 

Board 143:
1 7 4 5 2 6 8 9 3 
8 9 5 7 3 4 6 1 2 
2 3 6 1 9 8 7 5 4 
5 2 7 3 4 1 9 8 6 
6 1 8 2 5 9 3 4 7 
9 4 3 8 6 7 1 2 5 
4 5 1 9 7 3 2 6 8 
7 6 9 4 8 2 5 3 1 
3 8 2 6 1 5 4 7 9 

Board 144:
5 6 7 2 8 1 4 9 3 
9 3 1 6 5 4 8 2 7 
8 2 4 3 9 7 6 1 5 
7 5 6 1 4 9 3 8 2 
1 8 3 5 2 6 7 4 9 
4 9 2 8 7 3 5 6 1 
3 1 5 4 6 2 9 7 8 
6 7 8 9 1 5 2 3 4 
2 4 9 7 3 8 1 5 6 

Board 145:
7 6 4 9 3 1 5 2 8 
5 2 8 6 4 7 9 1 3 
1 3 9 8 5 2 4 6 7 
3 7 2 4 8 9 6 5 1 
4 9 1 5 7 6 8 3 2 
6 8 5 1 2 3 7 4 9 
8 5 7 2 1 4 3 9 6 
2 4 6 3 9 8 1 7 5 
9 1 3 7 6 5 2 8 4 

Board 146:
5 7 6 2 8 3 9 4 1 
9 2 3 7 1 4 6 8 5 
8 4 1 5 6 9 3 2 7 
7 6 8 3 5 2 1 9 4 
4 3 5 1 9 8 7 6 2 
2 1 9 6 4 7 5 3 8 
1 5 4 8 3 6 2 7 9 
3 8 2 9 7 5 4 1 6 
6 9 7 4 2 1 8 5 3 

Board 147:
6 9 4 5 3 2 7 8 1 
5 1 8 4 7 9 6 2 3 
2 7 3 8 6 1 9 5 4 
8 4 6 7 5 3 1 9 2 
9 5 7 2 1 8 4 3 6 
3 2 1 9 4 6 5 7 8 
1 8 9 6 2 5 3 4 7 
7 3 2 1 9 4 8 6 5 
4 6 5 3 8 7 2 1 9 

Board 148:
5 8 3 7 6 2 9 4 1 
6 2 7 4 9 1 5 3 8 
9 1 4 3 5 8 7 2 6 
4 3 8 2 1 5 6 7 9 
2 6 9 8 4 7 3 1 5 
7 5 1 9 3 6 4 8 2 
8 9 5 1 7 3 2 6 4 
1 7 6 5 2 4 8 9 3 
3 4 2 6 8 9 1 5 7 

Board 149:
6 4 3 9 8 5 1 7 2 
7 5 9 4 1 2 3 8 6 
1 8 2 7 3 6 9 4 5 
2 1 7 6 5 4 8 9 3 
3 9 8 1 2 7 6 5 4 
4 6 5 8 9 3 7 2 1 
8 3 4 5 7 1 2 6 9 
5 7 1 2 6 9 4 3 8 
9 2 6 3 4 8 5 1 7 

Board 150:
5 1 3 2 6 4 9 7 8 
7 4 8 9 3 1 6 2 5 
2 6 9 5 7 8 3 4 1 
1 3 5 7 8 2 4 9 6 
8 2 7 6 4 9 1 5 3 
4 9 6 1 5 3 2 8 7 
9 5 4 3 1 7 8 6 2 
6 8 1 4 2 5 7 3 9 
3 7 2 8 9 6 5 1 4 

Board 151:
6 7 8 9 4 1 3 2 5 
2 3 4 6 7 5 8 1 9 
1 5 9 3 2 8 4 7 6 
8 4 3 1 5 2 6 9 7 
9 6 2 4 3 7 5 8 1 
5 1 7 8 6 9 2 3 4 
4 9 6 2 1 3 7 5 8 
7 2 1 5 8 4 9 6 3 
3 8 5 7 9 6 1 4 2 

Board 152:
2 5 6 4 9 7 1 3 8 
3 7 9 6 8 1 2 5 4 
1 8 4 3 5 2 9 7 6 
4 1 7 8 2 3 5 6 9 
5 3 2 9 1 6 8 4 7 
6 9 8 5 7 4 3 2 1 
7 4 1 2 3 8 6 9 5 
9 6 3 1 4 5 7 8 2 
8 2 5 7 6 9 4 1 3 

Board 153:
1 3 2 6 9 4 8 7 5 
9 5 4 8 7 1 6 3 2 
8 6 7 5 3 2 1 4 9 
3 2 8 1 5 6 4 9 7 
5 7 6 3 4 9 2 1 8 
4 9 1 7 2 8 3 5 6 
2 4 5 9 6 3 7 8 1 
6 1 9 4 8 7 5 2 3 
7 8 3 2 1 5 9 6 4 

Board 154:
3 2 5 1 9 7 8 6 4 
4 8 9 3 5 6 7 1 2 
6 1 7 8 2 4 3 5 9 
7 4 2 5 1 3 6 9 8 
5 3 6 4 8 9 1 2 7 
8 9 1 7 6 2 4 3 5 
1 6 8 9 7 5 2 4 3 
9 7 4 2 3 1 5 8 6 
2 5 3 6 4 8 9 7 1 

Board 155:
1 4 5 2 6 3 9 7 8 
9 8 6 1 7 5 2 3 4 
2 7 3 4 8 9 6 1 5 
4 3 2 5 9 1 8 6 7 
5 6 9 7 2 8 1 4 3 
8 1 7 3 4 6 5 2 9 
6 5 4 8 3 2 7 9 1 
3 2 8 9 1 7 4 5 6 
7 9 1 6 5 4 3 8 2 

Board 156:
8 7 1 9 6 5 3 4 2 
4 2 9 1 7 3 8 6 5 
6 3 5 2 4 8 9 7 1 
7 4 2 8 3 6 1 5 9 
3 9 6 7 5 1 2 8 4 
5 1 8 4 9 2 6 3 7 
1 8 7 3 2 4 5 9 6 
9 5 3 6 1 7 4 2 8 
2 6 4 5 8 9 7 1 3 

Board 157:
1 4 2 7 8 6 9 3 5 
7 3 8 5 4 9 1 2 6 
5 6 9 3 1 2 4 7 8 
8 5 4 2 7 1 3 6 9 
3 7 6 9 5 4 8 1 2 
2 9 1 8 6 3 5 4 7 
9 8 3 4 2 7 6 5 1 
4 1 7 6 9 5 2 8 3 
6 2 5 1 3 8 7 9 4 

Board 158:
6 1 7 9 2 5 3 4 8 
9 2 4 6 8 3 1 5 7 
8 3 5 7 1 4 6 9 2 
7 5 2 3 6 9 4 8 1 
4 9 8 2 7 1 5 6 3 
3 6 1 4 5 8 2 7 9 
1 8 6 5 9 2 7 3 4 
5 4 9 1 3 7 8 2 6 
2 7 3 8 4 6 9 1 5 

Board 159:
5 7 4 2 8 1 9 3 6 
9 8 6 4 5 3 1 2 7 
1 2 3 6 9 7 4 5 8 
6 1 8 9 7 5 3 4 2 
4 9 7 8 3 2 5 6 1 
2 3 5 1 6 4 7 8 9 
3 5 1 7 2 8 6 9 4 
7 6 2 5 4 9 8 1 3 
8 4 9 3 1 6 2 7 5 

Board 160:
8 1 7 4 2 6 9 3 5 
4 5 2 3 9 8 1 7 6 
3 9 6 5 7 1 8 2 4 
9 7 1 8 6 5 2 4 3 
5 8 3 7 4 2 6 9 1 
6 2 4 9 1 3 7 5 8 
2 4 8 1 3 9 5 6 7 
7 6 5 2 8 4 3 1 9 
1 3 9 6 5 7 4 8 2 

Board 161:
2 7 8 6 4 3 5 1 9 
3 6 5 2 1 9 4 7 8 
1 4 9 5 8 7 6 2 3 
5 2 1 3 7 8 9 4 6 
6 3 4 9 2 5 1 8 7 
8 9 7 4 6 1 3 5 2 
9 8 3 7 5 4 2 6 1 
7 5 6 1 3 2 8 9 4 
4 1 2 8 9 6 7 3 5 

Board 162:
8 9 6 1 2 3 5 4 7 
4 7 5 9 8 6 3 2 1 
2 3 1 4 7 5 8 9 6 
1 5 8 3 4 9 7 6 2 
7 6 4 5 1 2 9 3 8 
3 2 9 7 6 8 4 1 5 
5 4 7 6 9 1 2 8 3 
9 1 2 8 3 7 6 5 4 
6 8 3 2 5 4 1 7 9 

Board 163:
2 5 6 1 4 7 3 9 8 
7 1 8 9 2 3 5 6 4 
9 3 4 5 8 6 2 7 1 
1 9 3 6 5 8 7 4 2 
6 7 2 4 1 9 8 3 5 
4 8 5 3 7 2 6 1 9 
3 4 7 2 9 5 1 8 6 
5 6 1 8 3 4 9 2 7 
8 2 9 7 6 1 4 5 3 

Board 164:
3 8 7 5 2 1 6 9 4 
6 4 1 9 8 3 5 2 7 
9 2 5 4 6 7 8 3 1 
7 3 4 1 5 9 2 8 6 
1 5 6 2 3 8 7 4 9 
2 9 8 6 7 4 3 1 5 
8 6 9 3 1 5 4 7 2 
4 7 2 8 9 6 1 5 3 
5 1 3 7 4 2 9 6 8 

Board 165:
1 9 6 2 4 3 5 7 8 
8 7 4 9 1 5 6 2 3 
2 5 3 7 6 8 9 1 4 
5 1 7 3 2 4 8 6 9 
6 2 8 1 5 9 3 4 7 
3 4 9 8 7 6 1 5 2 
9 6 1 4 3 2 7 8 5 
4 8 5 6 9 7 2 3 1 
7 3 2 5 8 1 4 9 6 

Board 166:
3 6 7 4 8 1 9 5 2 
4 5 1 6 9 2 3 7 8 
8 2 9 3 5 7 1 6 4 
6 3 5 8 2 4 7 1 9 
7 8 2 1 3 9 5 4 6 
9 1 4 5 7 6 8 2 3 
5 4 6 9 1 8 2 3 7 
2 9 3 7 4 5 6 8 1 
1 7 8 2 6 3 4 9 5 

Board 167:
5 6 9 3 7 4 1 2 8 
4 8 1 2 6 9 7 5 3 
7 3 2 5 1 8 4 6 9 
1 5 8 4 2 3 9 7 6 
2 4 6 1 9 7 3 8 5 
9 7 3 6 8 5 2 4 1 
8 2 7 9 5 1 6 3 4 
3 9 5 7 4 6 8 1 2 
6 1 4 8 3 2 5 9 7 

Board 168:
9 5 7 8 4 3 1 6 2 
8 6 3 7 2 1 4 5 9 
4 1 2 9 6 5 7 8 3 
6 3 1 5 7 8 9 2 4 
2 4 8 1 9 6 5 3 7 
7 9 5 2 3 4 6 1 8 
1 2 4 3 5 7 8 9 6 
3 8 6 4 1 9 2 7 5 
5 7 9 6 8 2 3 4 1 

Board 169:
2 5 4 7 6 3 8 9 1 
8 1 3 2 4 9 7 6 5 
7 6 9 5 8 1 4 3 2 
3 9 5 6 2 8 1 4 7 
4 7 8 1 9 5 3 2 6 
1 2 6 3 7 4 5 8 9 
6 8 2 4 5 7 9 1 3 
9 3 7 8 1 2 6 5 4 
5 4 1 9 3 6 2 7 8 

Board 170:
5 4 2 9 8 1 6 3 7 
6 8 3 5 2 7 9 1 4 
1 9 7 4 6 3 2 8 5 
3 7 1 8 5 6 4 2 9 
9 6 5 2 3 4 8 7 1 
8 2 4 7 1 9 3 5 6 
4 1 6 3 7 8 5 9 2 
2 3 9 1 4 5 7 6 8 
7 5 8 6 9 2 1 4 3 

Board 171:
8 6 4 7 3 5 1 2 9 
5 9 1 8 6 2 3 7 4 
3 2 7 1 4 9 5 6 8 
4 7 3 9 2 6 8 5 1 
2 5 9 3 8 1 6 4 7 
6 1 8 4 5 7 9 3 2 
9 4 6 2 1 3 7 8 5 
7 3 2 5 9 8 4 1 6 
1 8 5 6 7 4 2 9 3 

Board 172:
7 5 1 9 2 8 3 4 6 
6 4 8 5 3 7 2 9 1 
9 2 3 1 4 6 7 8 5 
2 1 4 3 5 9 8 6 7 
8 7 9 2 6 4 5 1 3 
5 3 6 7 8 1 9 2 4 
1 9 5 4 7 2 6 3 8 
4 8 7 6 9 3 1 5 2 
3 6 2 8 1 5 4 7 9 

Board 173:
6 2 1 3 7 4 8 5 9 
7 4 9 1 8 5 3 6 2 
5 8 3 9 2 6 4 7 1 
2 3 4 8 1 7 5 9 6 
1 5 8 6 9 3 7 2 4 
9 6 7 5 4 2 1 3 8 
4 7 5 2 6 8 9 1 3 
8 9 6 7 3 1 2 4 5 
3 1 2 4 5 9 6 8 7 

Board 174:
1 6 3 7 4 9 2 8 5 
4 7 9 5 2 8 1 6 3 
2 8 5 6 1 3 4 9 7 
6 1 2 8 9 7 5 3 4 
8 5 4 3 6 1 7 2 9 
3 9 7 2 5 4 8 1 6 
5 3 8 1 7 6 9 4 2 
9 2 6 4 8 5 3 7 1 
7 4 1 9 3 2 6 5 8 

Board 175:
6 1 3 8 4 5 9 2 7 
5 2 7 9 1 6 3 4 8 
8 9 4 7 2 3 1 6 5 
2 6 8 4 5 1 7 3 9 
1 3 9 6 8 7 2 5 4 
4 7 5 2 3 9 6 8 1 
7 5 6 3 9 8 4 1 2 
3 4 1 5 7 2 8 9 6 
9 8 2 1 6 4 5 7 3 

Board 176:
6 5 1 9 4 3 8 2 7 
8 9 7 2 5 1 3 6 4 
4 3 2 7 6 8 1 9 5 
3 4 5 1 7 9 2 8 6 
1 2 6 3 8 4 5 7 9 
9 7 8 5 2 6 4 3 1 
7 8 3 4 9 5 6 1 2 
5 1 9 6 3 2 7 4 8 
2 6 4 8 1 7 9 5 3 

Board 177:
8 2 3 6 5 9 1 7 4 
1 5 7 2 3 4 9 8 6 
9 6 4 7 8 1 2 3 5 
6 1 8 5 9 2 7 4 3 
2 7 9 8 4 3 5 6 1 
3 4 5 1 6 7 8 9 2 
7 9 6 3 1 5 4 2 8 
4 8 1 9 2 6 3 5 7 
5 3 2 4 7 8 6 1 9 

Board 178:
9 8 7 5 4 1 3 2 6 
3 1 6 7 9 2 8 4 5 
2 5 4 3 8 6 7 1 9 
1 2 9 6 7 3 4 5 8 
4 3 5 8 2 9 6 7 1 
6 7 8 1 5 4 9 3 2 
8 9 2 4 3 5 1 6 7 
5 6 3 9 1 7 2 8 4 
7 4 1 2 6 8 5 9 3 

Board 179:
5 9 1 4 8 7 2 3 6 
7 8 2 3 1 6 9 5 4 
4 6 3 5 2 9 1 8 7 
3 2 4 8 7 1 6 9 5 
1 5 8 6 9 4 3 7 2 
9 7 6 2 3 5 4 1 8 
2 1 9 7 4 8 5 6 3 
8 4 5 1 6 3 7 2 9 
6 3 7 9 5 2 8 4 1 

Board 180:
6 2 1 8 5 4 9 7 3 
5 3 8 6 7 9 1 2 4 
7 4 9 2 1 3 8 6 5 
3 8 7 1 4 2 6 5 9 
9 5 4 3 6 8 7 1 2 
1 6 2 7 9 5 4 3 8 
8 9 6 5 3 1 2 4 7 
4 1 5 9 2 7 3 8 6 
2 7 3 4 8 6 5 9 1 

Board 181:
9 3 2 6 4 8 7 1 5 
1 6 8 9 7 5 4 2 3 
5 7 4 1 3 2 6 8 9 
7 4 3 5 1 9 8 6 2 
6 9 1 8 2 7 5 3 4 
8 2 5 3 6 4 1 9 7 
3 1 7 2 5 6 9 4 8 
2 5 9 4 8 1 3 7 6 
4 8 6 7 9 3 2 5 1 

Board 182:
6 2 5 1 8 9 7 4 3 
4 3 1 7 5 2 8 6 9 
8 9 7 6 3 4 1 2 5 
9 6 2 4 1 5 3 8 7 
7 4 8 2 9 3 5 1 6 
5 1 3 8 6 7 4 9 2 
3 7 6 9 4 1 2 5 8 
1 5 9 3 2 8 6 7 4 
2 8 4 5 7 6 9 3 1 

Board 183:
2 6 8 9 4 5 7 3 1 
3 5 7 6 8 1 2 9 4 
9 4 1 2 3 7 5 6 8 
5 1 6 8 7 3 4 2 9 
8 9 2 5 6 4 1 7 3 
7 3 4 1 9 2 8 5 6 
4 2 9 7 1 6 3 8 5 
1 8 5 3 2 9 6 4 7 
6 7 3 4 5 8 9 1 2 

Board 184:
7 2 3 9 4 1 5 8 6 
9 4 1 8 6 5 7 3 2 
6 8 5 7 2 3 9 1 4 
5 3 6 2 1 9 4 7 8 
2 9 8 4 5 7 3 6 1 
1 7 4 6 3 8 2 9 5 
3 1 7 5 8 2 6 4 9 
4 5 9 1 7 6 8 2 3 
8 6 2 3 9 4 1 5 7 

Board 185:
1 2 8 4 3 6 9 5 7 
5 7 9 8 1 2 3 6 4 
3 6 4 5 7 9 1 2 8 
2 9 5 7 4 1 6 8 3 
4 8 6 2 9 3 7 1 5 
7 3 1 6 5 8 4 9 2 
9 5 3 1 8 7 2 4 6 
6 4 7 9 2 5 8 3 1 
8 1 2 3 6 4 5 7 9 

Board 186:
8 2 7 1 9 5 3 4 6 
1 6 5 8 4 3 9 7 2 
3 9 4 7 2 6 5 8 1 
4 3 1 9 6 7 8 2 5 
9 5 2 3 8 1 7 6 4 
7 8 6 2 5 4 1 9 3 
2 7 3 4 1 8 6 5 9 
5 1 9 6 7 2 4 3 8 
6 4 8 5 3 9 2 1 7 

Board 187:
3 2 8 6 1 4 5 7 9 
9 1 5 2 8 7 3 4 6 
6 4 7 5 9 3 2 1 8 
4 7 3 8 6 5 9 2 1 
2 6 1 3 7 9 8 5 4 
8 5 9 1 4 2 6 3 7 
7 3 6 4 2 8 1 9 5 
1 9 2 7 5 6 4 8 3 
5 8 4 9 3 1 7 6 2 

Board 188:
8 3 5 1 4 7 6 2 9 
1 9 2 8 6 3 4 5 7 
6 7 4 2 9 5 1 8 3 
2 8 1 4 3 6 7 9 5 
5 4 7 9 2 1 3 6 8 
3 6 9 7 5 8 2 4 1 
4 1 3 6 8 9 5 7 2 
7 2 8 5 1 4 9 3 6 
9 5 6 3 7 2 8 1 4 

Board 189:
4 1 8 9 5 3 6 7 2 
2 7 6 8 1 4 5 9 3 
5 9 3 6 7 2 4 8 1 
8 3 4 7 9 6 1 2 5 
1 6 7 4 2 5 8 3 9 
9 2 5 1 3 8 7 6 4 
3 8 9 5 6 1 2 4 7 
7 4 1 2 8 9 3 5 6 
6 5 2 3 4 7 9 1 8 

Board 190:
8 7 2 4 3 1 9 6 5 
1 9 5 7 6 2 3 8 4 
6 3 4 9 8 5 7 1 2 
9 4 6 1 7 3 5 2 8 
5 2 7 8 9 4 6 3 1 
3 1 8 5 2 6 4 9 7 
4 6 9 2 1 7 8 5 3 
7 8 1 3 5 9 2 4 6 
2 5 3 6 4 8 1 7 9 

Board 191:
2 3 4 7 5 1 9 8 6 
1 5 7 6 8 9 4 2 3 
8 6 9 4 2 3 7 1 5 
6 4 8 3 9 2 1 5 7 
3 7 1 5 6 8 2 9 4 
5 9 2 1 4 7 3 6 8 
7 1 6 2 3 5 8 4 9 
9 2 5 8 7 4 6 3 1 
4 8 3 9 1 6 5 7 2 

Board 192:
4 2 5 8 9 1 6 7 3 
7 6 1 4 2 3 9 8 5 
9 3 8 7 5 6 2 1 4 
5 4 7 2 3 8 1 9 6 
2 8 3 1 6 9 5 4 7 
1 9 6 5 7 4 8 3 2 
3 1 9 6 4 2 7 5 8 
8 5 2 3 1 7 4 6 9 
6 7 4 9 8 5 3 2 1 

Board 193:
6 8 2 4 7 5 3 1 9 
1 7 3 6 2 9 4 8 5 
9 4 5 3 1 8 6 7 2 
7 9 4 8 6 1 5 2 3 
5 2 8 7 4 3 1 9 6 
3 1 6 5 9 2 8 4 7 
2 6 1 9 3 4 7 5 8 
8 3 9 1 5 7 2 6 4 
4 5 7 2 8 6 9 3 1 

Board 194:
8 6 1 3 7 5 9 4 2 
7 9 5 4 6 2 1 3 8 
2 4 3 8 9 1 5 6 7 
6 1 4 5 3 7 8 2 9 
9 5 8 6 2 4 3 7 1 
3 2 7 1 8 9 6 5 4 
5 3 9 7 4 8 2 1 6 
4 8 6 2 1 3 7 9 5 
1 7 2 9 5 6 4 8 3 

Board 195:
3 2 6 7 8 9 4 5 1 
9 5 4 2 3 1 8 7 6 
7 1 8 4 5 6 3 9 2 
2 9 7 1 4 8 6 3 5 
8 6 1 3 9 5 2 4 7 
4 3 5 6 7 2 1 8 9 
6 7 9 8 2 4 5 1 3 
1 4 3 5 6 7 9 2 8 
5 8 2 9 1 3 7 6 4 

Board 196:
1 8 4 9 6 3 7 2 5 
3 5 6 4 7 2 8 9 1 
9 7 2 1 5 8 4 6 3 
2 1 9 3 8 6 5 4 7 
5 4 7 2 1 9 3 8 6 
6 3 8 7 4 5 9 1 2 
8 9 3 6 2 7 1 5 4 
4 6 5 8 3 1 2 7 9 
7 2 1 5 9 4 6 3 8 

Board 197:
3 2 5 1 9 7 6 8 4 
6 4 1 8 5 2 9 3 7 
8 7 9 3 6 4 1 5 2 
5 8 7 9 4 6 3 2 1 
2 3 4 7 8 1 5 6 9 
1 9 6 5 2 3 7 4 8 
9 5 2 6 7 8 4 1 3 
7 1 8 4 3 5 2 9 6 
4 6 3 2 1 9 8 7 5 

Board 198:
6 7 8 1 3 2 5 4 9 
3 2 5 7 4 9 6 1 8 
9 4 1 8 6 5 3 7 2 
8 1 7 3 2 6 4 9 5 
4 6 2 5 9 1 8 3 7 
5 3 9 4 7 8 2 6 1 
1 8 4 6 5 7 9 2 3 
7 9 6 2 8 3 1 5 4 
2 5 3 9 1 4 7 8 6 

Board 199:
3 1 7 8 4 6 2 9 5 
6 5 2 3 9 7 4 1 8 
9 8 4 1 2 5 6 3 7 
8 4 3 2 6 1 5 7 9 
7 2 6 9 5 8 1 4 3 
1 9 5 7 3 4 8 6 2 
5 6 8 4 7 3 9 2 1 
2 7 1 6 8 9 3 5 4 
4 3 9 5 1 2 7 8 6 

Board 200:
4 8 3 6 9 5 1 2 7 
5 7 2 1 3 4 8 6 9 
9 6 1 7 8 2 5 4 3 
8 9 7 4 5 1 2 3 6 
2 5 4 3 6 7 9 8 1 
3 1 6 9 2 8 4 7 5 
1 4 9 8 7 6 3 5 2 
7 3 5 2 4 9 6 1 8 
6 2 8 5 1 3 7 9 4 

Board 201:
3 9 8 1 2 4 6 7 5 
7 4 2 3 5 6 8 1 9 
6 5 1 8 9 7 4 2 3 
1 8 3 2 4 9 5 6 7 
4 6 9 5 7 3 1 8 2 
5 2 7 6 1 8 9 3 4 
2 1 4 7 6 5 3 9 8 
9 3 6 4 8 2 7 5 1 
8 7 5 9 3 1 2 4 6 

Board 202:
4 8 6 3 5 1 9 7 2 
7 5 1 2 9 6 8 4 3 
9 3 2 7 4 8 5 1 6 
5 6 8 9 3 4 7 2 1 
1 9 4 8 2 7 6 3 5 
3 2 7 1 6 5 4 9 8 
2 7 9 5 8 3 1 6 4 
6 1 5 4 7 2 3 8 9 
8 4 3 6 1 9 2 5 7 

Board 203:
5 7 8 4 2 1 9 6 3 
4 2 9 5 6 3 1 7 8 
1 3 6 7 9 8 2 4 5 
6 5 2 1 3 9 4 8 7 
3 9 7 2 8 4 5 1 6 
8 1 4 6 7 5 3 9 2 
9 8 5 3 1 7 6 2 4 
7 6 3 9 4 2 8 5 1 
2 4 1 8 5 6 7 3 9 

Board 204:
4 7 8 3 6 9 1 5 2 
2 9 5 7 8 1 3 6 4 
6 3 1 2 4 5 7 9 8 
5 4 3 1 9 6 8 2 7 
1 2 9 8 7 3 5 4 6 
8 6 7 5 2 4 9 1 3 
3 1 2 6 5 8 4 7 9 
7 5 4 9 3 2 6 8 1 
9 8 6 4 1 7 2 3 5 

Board 205:
6 4 9 7 3 5 8 1 2 
3 2 5 4 8 1 9 7 6 
7 8 1 6 9 2 5 3 4 
4 9 8 2 5 7 3 6 1 
2 6 3 9 1 8 7 4 5 
5 1 7 3 6 4 2 9 8 
1 7 2 5 4 3 6 8 9 
8 3 6 1 2 9 4 5 7 
9 5 4 8 7 6 1 2 3 

Board 206:
2 7 8 1 4 3 5 9 6 
6 4 5 9 7 2 8 3 1 
9 1 3 6 5 8 2 4 7 
4 9 6 2 8 7 3 1 5 
5 2 7 3 1 9 4 6 8 
8 3 1 4 6 5 9 7 2 
7 8 4 5 9 1 6 2 3 
1 6 2 8 3 4 7 5 9 
3 5 9 7 2 6 1 8 4 

Board 207:
5 7 8 6 2 9 3 4 1 
6 4 9 3 1 8 5 2 7 
3 2 1 5 7 4 9 6 8 
8 5 4 7 6 1 2 9 3 
1 3 6 8 9 2 4 7 5 
7 9 2 4 3 5 8 1 6 
2 6 7 9 5 3 1 8 4 
4 1 3 2 8 6 7 5 9 
9 8 5 1 4 7 6 3 2 

Board 208:
5 6 4 8 2 7 9 1 3 
7 3 8 6 9 1 2 5 4 
1 9 2 3 4 5 8 6 7 
9 4 6 7 5 2 3 8 1 
8 1 3 4 6 9 7 2 5 
2 7 5 1 8 3 4 9 6 
4 2 1 9 7 6 5 3 8 
3 8 9 5 1 4 6 7 2 
6 5 7 2 3 8 1 4 9 

Board 209:
2 8 9 6 3 1 5 7 4 
1 4 3 9 5 7 2 6 8 
7 6 5 8 2 4 1 9 3 
4 3 8 5 7 6 9 2 1 
5 9 7 4 1 2 3 8 6 
6 2 1 3 9 8 4 5 7 
8 1 4 2 6 5 7 3 9 
3 5 6 7 4 9 8 1 2 
9 7 2 1 8 3 6 4 5 

Board 210:
5 8 9 1 6 3 4 7 2 
6 3 2 5 4 7 8 9 1 
1 7 4 9 8 2 5 6 3 
7 2 8 6 1 4 3 5 9 
4 1 5 8 3 9 6 2 7 
3 9 6 2 7 5 1 8 4 
9 4 3 7 5 6 2 1 8 
2 6 1 3 9 8 7 4 5 
8 5 7 4 2 1 9 3 6 

Board 211:
1 6 5 4 8 9 3 2 7 
7 8 3 5 2 6 1 9 4 
2 4 9 3 1 7 6 8 5 
8 3 7 6 4 1 2 5 9 
9 5 6 8 3 2 7 4 1 
4 1 2 7 9 5 8 3 6 
5 9 1 2 7 3 4 6 8 
3 7 4 9 6 8 5 1 2 
6 2 8 1 5 4 9 7 3 

Board 212:
6 5 4 8 7 1 2 9 3 
7 9 8 4 2 3 1 5 6 
2 3 1 9 6 5 7 8 4 
4 7 3 6 1 9 8 2 5 
5 6 2 3 8 7 4 1 9 
1 8 9 5 4 2 6 3 7 
3 1 7 2 5 6 9 4 8 
8 2 5 7 9 4 3 6 1 
9 4 6 1 3 8 5 7 2 

Board 213:
9 4 7 1 6 8 2 3 5 
3 1 8 7 2 5 4 9 6 
6 5 2 3 4 9 1 7 8 
8 6 9 4 3 1 5 2 7 
2 3 1 6 5 7 9 8 4 
4 7 5 8 9 2 6 1 3 
7 8 6 2 1 4 3 5 9 
1 9 4 5 7 3 8 6 2 
5 2 3 9 8 6 7 4 1 

Board 214:
9 7 3 5 8 6 2 4 1 
6 1 4 7 9 2 5 3 8 
2 5 8 1 4 3 6 9 7 
8 4 9 2 5 7 1 6 3 
7 3 1 9 6 4 8 2 5 
5 6 2 8 3 1 9 7 4 
3 9 7 6 1 5 4 8 2 
1 2 6 4 7 8 3 5 9 
4 8 5 3 2 9 7 1 6 

Board 215:
1 4 2 6 3 9 7 8 5 
3 8 5 4 7 1 6 9 2 
7 6 9 2 5 8 4 1 3 
6 3 4 1 2 7 9 5 8 
2 5 1 8 9 6 3 4 7 
9 7 8 5 4 3 1 2 6 
4 2 3 7 1 5 8 6 9 
5 9 6 3 8 4 2 7 1 
8 1 7 9 6 2 5 3 4 

Board 216:
3 2 1 9 6 5 8 7 4 
4 9 5 3 7 8 6 2 1 
6 7 8 2 1 4 9 5 3 
7 6 4 8 5 3 2 1 9 
1 3 2 6 4 9 5 8 7 
5 8 9 1 2 7 4 3 6 
2 4 7 5 9 1 3 6 8 
9 5 3 7 8 6 1 4 2 
8 1 6 4 3 2 7 9 5 

Board 217:
4 5 2 6 1 9 8 3 7 
3 1 8 7 5 4 9 6 2 
6 9 7 8 3 2 5 4 1 
9 3 6 5 7 8 1 2 4 
2 7 1 4 9 6 3 8 5 
8 4 5 1 2 3 6 7 9 
1 6 3 2 4 5 7 9 8 
5 8 4 9 6 7 2 1 3 
7 2 9 3 8 1 4 5 6 

Board 218:
6 1 9 8 2 5 4 3 7 
2 4 8 7 3 1 9 6 5 
5 3 7 9 4 6 2 8 1 
3 8 2 6 5 4 1 7 9 
4 9 1 3 7 8 6 5 2 
7 6 5 2 1 9 3 4 8 
8 5 6 1 9 3 7 2 4 
9 2 4 5 6 7 8 1 3 
1 7 3 4 8 2 5 9 6 

Board 219:
9 6 3 7 1 5 4 8 2 
7 8 5 6 4 2 9 1 3 
4 2 1 9 8 3 6 7 5 
5 1 2 4 7 9 8 3 6 
8 3 4 1 5 6 7 2 9 
6 9 7 3 2 8 1 5 4 
3 7 8 2 9 4 5 6 1 
2 5 9 8 6 1 3 4 7 
1 4 6 5 3 7 2 9 8 

Board 220:
8 5 9 3 4 2 6 1 7 
3 2 6 1 7 8 4 9 5 
7 4 1 6 9 5 2 3 8 
4 1 8 9 6 3 5 7 2 
2 6 5 7 8 1 9 4 3 
9 7 3 2 5 4 1 8 6 
6 8 7 4 2 9 3 5 1 
1 9 2 5 3 7 8 6 4 
5 3 4 8 1 6 7 2 9 

Board 221:
7 1 9 3 8 2 6 4 5 
4 3 2 9 5 6 7 8 1 
5 6 8 4 1 7 3 2 9 
1 9 3 8 4 5 2 6 7 
8 5 7 2 6 3 1 9 4 
6 2 4 1 7 9 8 5 3 
9 7 6 5 3 8 4 1 2 
2 8 1 7 9 4 5 3 6 
3 4 5 6 2 1 9 7 8 

Board 222:
4 9 8 7 5 1 3 6 2 
5 7 3 4 6 2 9 8 1 
6 1 2 9 3 8 5 4 7 
8 6 7 2 4 9 1 5 3 
1 3 9 6 7 5 8 2 4 
2 4 5 1 8 3 7 9 6 
9 2 6 8 1 7 4 3 5 
7 5 4 3 9 6 2 1 8 
3 8 1 5 2 4 6 7 9 

Board 223:
6 7 5 4 3 9 2 1 8 
8 1 2 5 7 6 9 3 4 
4 3 9 8 1 2 7 5 6 
2 4 3 9 5 1 8 6 7 
1 9 8 6 4 7 3 2 5 
5 6 7 3 2 8 4 9 1 
7 2 6 1 8 3 5 4 9 
3 5 1 7 9 4 6 8 2 
9 8 4 2 6 5 1 7 3 

Board 224:
4 8 1 2 6 5 3 7 9 
7 5 3 1 8 9 2 6 4 
6 2 9 7 3 4 8 1 5 
8 1 6 9 4 7 5 2 3 
9 3 5 6 1 2 4 8 7 
2 7 4 8 5 3 6 9 1 
1 4 8 3 7 6 9 5 2 
5 6 2 4 9 1 7 3 8 
3 9 7 5 2 8 1 4 6 

Board 225:
2 4 7 1 5 9 3 8 6 
6 3 9 4 2 8 7 5 1 
8 5 1 3 7 6 2 9 4 
1 9 4 8 6 3 5 7 2 
3 7 8 5 1 2 4 6 9 
5 6 2 9 4 7 1 3 8 
4 1 6 7 8 5 9 2 3 
9 2 5 6 3 1 8 4 7 
7 8 3 2 9 4 6 1 5 

Board 226:
1 7 9 8 6 5 4 2 3 
6 4 3 1 2 9 7 5 8 
2 8 5 7 4 3 6 9 1 
8 2 1 6 3 4 9 7 5 
7 5 6 9 1 8 2 3 4 
9 3 4 2 5 7 1 8 6 
4 9 2 5 8 1 3 6 7 
5 1 7 3 9 6 8 4 2 
3 6 8 4 7 2 5 1 9 

Board 227:
1 2 5 9 4 6 7 3 8 
4 6 8 2 3 7 9 1 5 
9 3 7 8 1 5 6 4 2 
8 7 9 1 5 2 4 6 3 
3 1 6 4 8 9 5 2 7 
2 5 4 7 6 3 8 9 1 
5 4 1 3 9 8 2 7 6 
7 8 3 6 2 4 1 5 9 
6 9 2 5 7 1 3 8 4 

Board 228:
7 2 4 8 9 5 1 6 3 
3 9 5 4 1 6 7 8 2 
1 6 8 3 7 2 9 5 4 
2 5 6 9 8 4 3 1 7 
4 1 7 2 6 3 8 9 5 
8 3 9 7 5 1 4 2 6 
9 8 2 5 3 7 6 4 1 
6 4 3 1 2 9 5 7 8 
5 7 1 6 4 8 2 3 9 

Board 229:
6 7 4 3 8 1 2 5 9 
5 2 1 6 7 9 4 3 8 
8 3 9 4 5 2 1 7 6 
9 5 7 2 1 3 8 6 4 
2 1 6 8 4 5 7 9 3 
3 4 8 9 6 7 5 1 2 
4 6 5 7 9 8 3 2 1 
7 9 2 1 3 4 6 8 5 
1 8 3 5 2 6 9 4 7 

Board 230:
2 7 8 6 3 5 4 1 9 
9 5 1 4 8 2 6 7 3 
6 4 3 1 7 9 8 5 2 
1 9 2 5 6 7 3 4 8 
5 3 6 8 1 4 2 9 7 
7 8 4 2 9 3 1 6 5 
8 2 7 9 4 1 5 3 6 
3 1 5 7 2 6 9 8 4 
4 6 9 3 5 8 7 2 1 

Board 231:
4 7 8 1 3 6 9 5 2 
6 1 9 8 5 2 7 4 3 
3 5 2 9 4 7 8 1 6 
5 2 1 7 9 3 6 8 4 
8 9 6 4 2 5 3 7 1 
7 3 4 6 1 8 2 9 5 
2 4 7 3 8 1 5 6 9 
1 6 5 2 7 9 4 3 8 
9 8 3 5 6 4 1 2 7 

Board 232:
9 8 6 2 3 7 4 5 1 
5 7 4 1 8 9 2 3 6 
3 2 1 4 5 6 9 7 8 
1 3 8 5 9 2 7 6 4 
6 9 7 8 1 4 5 2 3 
2 4 5 6 7 3 1 8 9 
7 6 3 9 2 1 8 4 5 
4 5 9 7 6 8 3 1 2 
8 1 2 3 4 5 6 9 7 

Board 233:
5 8 7 6 1 2 4 9 3 
3 1 2 5 4 9 8 6 7 
6 9 4 8 3 7 2 1 5 
9 7 5 4 8 6 1 3 2 
1 3 8 9 2 5 6 7 4 
2 4 6 3 7 1 5 8 9 
8 2 1 7 9 4 3 5 6 
7 6 3 2 5 8 9 4 1 
4 5 9 1 6 3 7 2 8 

Board 234:
1 4 8 2 5 9 3 7 6 
5 6 2 7 8 3 4 9 1 
3 7 9 1 4 6 5 8 2 
7 8 3 6 2 1 9 5 4 
2 5 6 4 9 7 1 3 8 
4 9 1 8 3 5 6 2 7 
9 2 7 5 6 4 8 1 3 
8 3 4 9 1 2 7 6 5 
6 1 5 3 7 8 2 4 9 

Board 235:
6 1 4 5 8 9 7 3 2 
9 8 5 3 7 2 1 4 6 
7 3 2 4 1 6 5 9 8 
2 4 6 1 3 7 9 8 5 
8 9 1 2 5 4 3 6 7 
5 7 3 9 6 8 2 1 4 
3 6 8 7 9 5 4 2 1 
4 5 9 8 2 1 6 7 3 
1 2 7 6 4 3 8 5 9 

Board 236:
6 3 7 5 4 2 1 9 8 
4 2 5 1 9 8 7 3 6 
9 1 8 6 7 3 4 2 5 
2 9 6 8 3 7 5 1 4 
3 8 1 9 5 4 2 6 7 
5 7 4 2 1 6 9 8 3 
1 4 9 3 6 5 8 7 2 
7 6 2 4 8 1 3 5 9 
8 5 3 7 2 9 6 4 1 

Board 237:
9 8 5 1 6 4 7 2 3 
4 7 2 9 3 8 6 1 5 
3 6 1 7 2 5 8 4 9 
1 5 7 3 8 9 4 6 2 
2 9 6 5 4 7 3 8 1 
8 4 3 2 1 6 9 5 7 
7 2 8 4 5 3 1 9 6 
5 3 4 6 9 1 2 7 8 
6 1 9 8 7 2 5 3 4 

Board 238:
5 4 3 2 1 7 6 9 8 
8 9 2 6 5 3 1 4 7 
7 6 1 4 9 8 3 2 5 
1 7 4 3 6 9 8 5 2 
3 5 8 7 2 4 9 6 1 
6 2 9 1 8 5 4 7 3 
9 1 6 8 7 2 5 3 4 
4 8 7 5 3 6 2 1 9 
2 3 5 9 4 1 7 8 6 

Board 239:
7 4 6 3 5 1 8 2 9 
3 5 8 4 2 9 1 7 6 
1 2 9 6 7 8 4 3 5 
8 7 1 9 6 3 5 4 2 
9 3 2 8 4 5 6 1 7 
5 6 4 7 1 2 3 9 8 
2 9 3 1 8 6 7 5 4 
6 1 7 5 9 4 2 8 3 
4 8 5 2 3 7 9 6 1 

Board 240:
9 1 2 3 4 7 8 6 5 
3 8 5 1 6 9 7 4 2 
7 6 4 2 8 5 1 3 9 
8 4 7 6 1 2 5 9 3 
5 2 6 9 7 3 4 8 1 
1 9 3 4 5 8 2 7 6 
4 5 9 7 3 1 6 2 8 
6 3 8 5 2 4 9 1 7 
2 7 1 8 9 6 3 5 4 

Board 241:
5 4 3 9 2 7 6 8 1 
8 1 7 5 3 6 9 2 4 
6 9 2 4 1 8 5 7 3 
7 2 4 8 9 3 1 5 6 
1 3 5 2 6 4 8 9 7 
9 8 6 7 5 1 4 3 2 
4 7 1 3 8 9 2 6 5 
3 5 8 6 4 2 7 1 9 
2 6 9 1 7 5 3 4 8 

Board 242:
6 2 8 7 9 1 4 5 3 
3 4 9 6 2 5 7 1 8 
7 5 1 8 4 3 2 9 6 
5 3 4 1 7 8 9 6 2 
9 6 2 5 3 4 8 7 1 
8 1 7 2 6 9 3 4 5 
4 7 6 3 5 2 1 8 9 
1 9 3 4 8 6 5 2 7 
2 8 5 9 1 7 6 3 4 

Board 243:
6 4 1 9 3 2 8 5 7 
7 9 8 4 1 5 3 2 6 
2 3 5 7 6 8 4 9 1 
1 7 6 2 5 3 9 8 4 
8 5 3 6 4 9 7 1 2 
9 2 4 1 8 7 5 6 3 
4 8 7 5 2 6 1 3 9 
3 1 2 8 9 4 6 7 5 
5 6 9 3 7 1 2 4 8 

Board 244:
2 1 4 8 3 6 7 9 5 
6 5 3 7 2 9 8 1 4 
7 9 8 1 5 4 2 3 6 
3 4 5 2 7 8 9 6 1 
1 7 6 5 9 3 4 2 8 
9 8 2 4 6 1 3 5 7 
8 3 1 6 4 2 5 7 9 
5 6 9 3 8 7 1 4 2 
4 2 7 9 1 5 6 8 3 

Board 245:
8 7 3 1 9 5 2 6 4 
6 5 9 8 4 2 1 7 3 
2 1 4 3 6 7 9 5 8 
5 9 6 4 2 8 7 3 1 
1 8 2 6 7 3 4 9 5 
3 4 7 9 5 1 6 8 2 
9 6 1 5 3 4 8 2 7 
4 2 5 7 8 6 3 1 9 
7 3 8 2 1 9 5 4 6 

Board 246:
3 4 5 8 6 2 9 7 1 
8 1 9 4 3 7 2 5 6 
2 7 6 1 5 9 8 4 3 
9 6 8 5 1 4 3 2 7 
7 2 3 9 8 6 5 1 4 
1 5 4 2 7 3 6 8 9 
6 9 2 7 4 8 1 3 5 
4 8 1 3 9 5 7 6 2 
5 3 7 6 2 1 4 9 8 

Board 247:
9 8 5 6 2 1 7 3 4 
3 2 6 4 7 9 8 5 1 
4 7 1 5 8 3 2 6 9 
8 5 2 1 4 7 3 9 6 
6 9 3 2 5 8 4 1 7 
7 1 4 3 9 6 5 8 2 
2 3 7 9 1 5 6 4 8 
1 6 8 7 3 4 9 2 5 
5 4 9 8 6 2 1 7 3 

Board 248:
5 8 4 6 3 7 2 9 1 
1 7 2 9 8 5 6 4 3 
9 6 3 4 1 2 7 5 8 
6 5 9 2 7 1 3 8 4 
3 4 8 5 6 9 1 7 2 
2 1 7 3 4 8 5 6 9 
8 2 6 7 9 3 4 1 5 
7 9 5 1 2 4 8 3 6 
4 3 1 8 5 6 9 2 7 

Board 249:
3 2 6 8 7 9 1 5 4 
7 5 4 6 1 2 3 8 9 
8 1 9 4 3 5 2 7 6 
6 8 1 9 2 7 4 3 5 
5 4 2 1 8 3 6 9 7 
9 3 7 5 4 6 8 2 1 
4 6 5 2 9 8 7 1 3 
2 9 3 7 6 1 5 4 8 
1 7 8 3 5 4 9 6 2 

Board 250:
2 6 8 7 3 1 9 5 4 
3 5 4 6 9 2 1 8 7 
7 1 9 5 8 4 3 6 2 
1 4 2 9 6 7 8 3 5 
5 7 3 1 4 8 2 9 6 
9 8 6 2 5 3 7 4 1 
4 3 7 8 2 5 6 1 9 
8 9 1 4 7 6 5 2 3 
6 2 5 3 1 9 4 7 8 

Board 251:
4 1 9 2 3 6 5 8 7 
5 8 2 9 7 1 6 3 4 
6 3 7 8 5 4 9 1 2 
9 5 1 4 6 7 8 2 3 
8 7 4 3 2 5 1 6 9 
3 2 6 1 8 9 4 7 5 
1 6 5 7 9 3 2 4 8 
2 4 3 5 1 8 7 9 6 
7 9 8 6 4 2 3 5 1 

Board 252:
6 9 8 5 2 3 1 7 4 
3 1 4 9 8 7 2 6 5 
7 2 5 4 6 1 8 3 9 
5 6 3 7 4 8 9 1 2 
4 8 9 2 1 6 3 5 7 
1 7 2 3 5 9 4 8 6 
2 3 7 8 9 5 6 4 1 
8 4 6 1 7 2 5 9 3 
9 5 1 6 3 4 7 2 8 

Board 253:
9 4 1 2 6 7 3 8 5 
8 3 7 4 5 1 9 2 6 
6 5 2 8 3 9 4 7 1 
3 6 9 5 2 4 7 1 8 
1 7 5 6 9 8 2 4 3 
4 2 8 7 1 3 6 5 9 
2 8 6 9 4 5 1 3 7 
7 1 4 3 8 6 5 9 2 
5 9 3 1 7 2 8 6 4 

Board 254:
2 4 5 8 6 9 7 1 3 
8 3 1 2 5 7 6 9 4 
6 9 7 4 3 1 8 5 2 
9 2 3 1 7 5 4 8 6 
5 6 8 9 4 2 1 3 7 
1 7 4 3 8 6 5 2 9 
3 8 2 7 1 4 9 6 5 
4 1 6 5 9 3 2 7 8 
7 5 9 6 2 8 3 4 1 

Board 255:
4 6 5 1 8 7 9 2 3 
8 3 1 4 2 9 5 6 7 
9 7 2 3 5 6 8 1 4 
7 1 6 9 3 4 2 8 5 
3 8 4 2 6 5 7 9 1 
5 2 9 7 1 8 3 4 6 
2 9 3 6 7 1 4 5 8 
1 4 8 5 9 3 6 7 2 
6 5 7 8 4 2 1 3 9 

Board 256:
2 1 8 4 5 3 7 6 9 
9 4 5 2 7 6 1 3 8 
6 3 7 9 1 8 4 2 5 
4 9 1 8 3 2 5 7 6 
7 5 3 1 6 4 8 9 2 
8 2 6 5 9 7 3 4 1 
3 6 2 7 8 5 9 1 4 
5 7 9 6 4 1 2 8 3 
1 8 4 3 2 9 6 5 7 

Board 257:
7 6 5 1 8 2 4 9 3 
9 1 3 5 7 4 6 8 2 
8 4 2 9 3 6 1 5 7 
2 3 9 7 1 8 5 4 6 
5 8 4 3 6 9 2 7 1 
1 7 6 4 2 5 9 3 8 
6 5 8 2 4 7 3 1 9 
3 9 7 6 5 1 8 2 4 
4 2 1 8 9 3 7 6 5 

Board 258:
7 9 8 3 5 2 1 4 6 
6 1 3 9 7 4 5 2 8 
4 2 5 6 8 1 7 3 9 
1 7 9 2 3 6 8 5 4 
3 4 2 8 9 5 6 1 7 
8 5 6 4 1 7 2 9 3 
9 6 1 7 2 3 4 8 5 
5 3 7 1 4 8 9 6 2 
2 8 4 5 6 9 3 7 1 

Board 259:
2 9 3 1 7 6 5 4 8 
4 7 8 5 9 2 6 1 3 
1 6 5 3 8 4 7 2 9 
8 2 9 7 1 3 4 6 5 
7 5 4 2 6 9 8 3 1 
3 1 6 4 5 8 2 9 7 
5 8 2 9 4 1 3 7 6 
9 3 7 6 2 5 1 8 4 
6 4 1 8 3 7 9 5 2 

Board 260:
4 7 1 3 2 6 9 5 8 
6 2 9 8 5 7 4 3 1 
3 5 8 9 1 4 7 6 2 
1 6 3 5 9 2 8 7 4 
7 8 5 4 6 1 2 9 3 
9 4 2 7 8 3 6 1 5 
8 3 4 6 7 5 1 2 9 
5 1 7 2 4 9 3 8 6 
2 9 6 1 3 8 5 4 7 

Board 261:
2 6 8 1 9 3 5 7 4 
1 4 9 7 6 5 2 3 8 
3 7 5 4 8 2 6 9 1 
8 3 2 9 5 7 1 4 6 
5 1 6 2 3 4 7 8 9 
4 9 7 8 1 6 3 2 5 
7 8 4 5 2 1 9 6 3 
6 2 1 3 4 9 8 5 7 
9 5 3 6 7 8 4 1 2 

Board 262:
4 6 8 7 9 1 2 3 5 
5 1 7 4 2 3 6 8 9 
9 2 3 5 8 6 7 4 1 
8 4 5 2 6 7 9 1 3 
3 9 6 8 1 5 4 2 7 
1 7 2 9 3 4 5 6 8 
7 8 9 3 4 2 1 5 6 
6 5 4 1 7 8 3 9 2 
2 3 1 6 5 9 8 7 4 

Board 263:
5 9 3 1 7 2 6 4 8 
1 7 4 3 6 8 2 9 5 
6 8 2 4 5 9 1 3 7 
9 1 5 7 3 6 4 8 2 
3 6 7 8 2 4 9 5 1 
4 2 8 9 1 5 3 7 6 
2 4 6 5 9 7 8 1 3 
8 5 1 2 4 3 7 6 9 
7 3 9 6 8 1 5 2 4 

Board 264:
1 5 4 6 2 7 3 8 9 
8 3 9 4 5 1 7 2 6 
7 6 2 3 9 8 5 4 1 
4 9 3 7 1 5 8 6 2 
2 1 6 9 8 3 4 5 7 
5 8 7 2 4 6 1 9 3 
9 4 8 1 3 2 6 7 5 
6 2 1 5 7 4 9 3 8 
3 7 5 8 6 9 2 1 4 

Board 265:
5 3 7 2 6 8 9 4 1 
6 2 1 7 4 9 8 3 5 
8 4 9 3 5 1 2 7 6 
3 7 6 1 9 4 5 2 8 
9 1 8 5 2 7 3 6 4 
2 5 4 6 8 3 1 9 7 
7 8 3 9 1 6 4 5 2 
1 9 5 4 7 2 6 8 3 
4 6 2 8 3 5 7 1 9 

Board 266:
9 5 8 1 6 4 2 3 7 
3 2 1 8 5 7 4 6 9 
6 4 7 2 3 9 1 8 5 
4 7 5 9 2 3 6 1 8 
1 9 2 6 8 5 3 7 4 
8 6 3 7 4 1 5 9 2 
7 1 6 5 9 2 8 4 3 
2 8 4 3 7 6 9 5 1 
5 3 9 4 1 8 7 2 6 

Board 267:
5 1 4 9 7 8 2 6 3 
3 7 6 2 5 1 4 9 8 
2 9 8 6 4 3 7 1 5 
6 8 7 3 9 4 5 2 1 
9 5 3 8 1 2 6 7 4 
4 2 1 5 6 7 3 8 9 
1 4 2 7 3 9 8 5 6 
8 6 9 4 2 5 1 3 7 
7 3 5 1 8 6 9 4 2 

Board 268:
2 8 6 9 4 5 7 1 3 
9 1 4 8 3 7 5 2 6 
3 7 5 1 6 2 8 9 4 
1 3 8 7 9 4 2 6 5 
5 9 7 6 2 8 3 4 1 
4 6 2 5 1 3 9 7 8 
6 2 1 3 8 9 4 5 7 
7 4 3 2 5 6 1 8 9 
8 5 9 4 7 1 6 3 2 

Board 269:
9 7 6 8 4 1 3 2 5 
3 5 4 6 9 2 7 8 1 
2 1 8 3 7 5 9 4 6 
7 2 5 4 6 8 1 3 9 
6 3 9 1 2 7 4 5 8 
4 8 1 9 5 3 6 7 2 
8 4 7 5 1 6 2 9 3 
5 6 2 7 3 9 8 1 4 
1 9 3 2 8 4 5 6 7 

Board 270:
2 4 7 8 1 5 3 9 6 
6 5 3 2 4 9 1 7 8 
1 8 9 3 6 7 5 2 4 
3 6 2 4 5 8 7 1 9 
4 7 5 6 9 1 8 3 2 
8 9 1 7 3 2 4 6 5 
5 3 6 9 7 4 2 8 1 
7 2 4 1 8 6 9 5 3 
9 1 8 5 2 3 6 4 7 

Board 271:
6 8 3 9 1 4 5 2 7 
2 5 7 8 6 3 4 9 1 
1 9 4 7 5 2 8 3 6 
5 7 1 4 2 8 9 6 3 
8 6 2 5 3 9 1 7 4 
4 3 9 6 7 1 2 5 8 
9 1 6 2 8 7 3 4 5 
7 4 8 3 9 5 6 1 2 
3 2 5 1 4 6 7 8 9 

Board 272:
5 4 9 6 3 2 8 1 7 
1 2 3 9 8 7 5 4 6 
8 7 6 4 5 1 9 3 2 
9 3 7 2 4 5 6 8 1 
2 5 1 8 9 6 4 7 3 
4 6 8 1 7 3 2 5 9 
7 1 4 5 6 9 3 2 8 
6 8 2 3 1 4 7 9 5 
3 9 5 7 2 8 1 6 4 

Board 273:
8 5 4 1 2 6 3 9 7 
9 3 7 4 5 8 2 6 1 
6 2 1 7 3 9 5 8 4 
5 9 8 3 1 7 6 4 2 
4 1 3 5 6 2 8 7 9 
7 6 2 8 9 4 1 3 5 
2 4 9 6 8 5 7 1 3 
3 8 5 9 7 1 4 2 6 
1 7 6 2 4 3 9 5 8 

Board 274:
4 6 7 1 9 8 5 2 3 
2 9 3 6 4 5 7 8 1 
5 8 1 3 2 7 6 4 9 
1 5 2 9 6 4 8 3 7 
3 7 6 5 8 1 2 9 4 
9 4 8 7 3 2 1 6 5 
8 2 5 4 7 9 3 1 6 
6 1 9 8 5 3 4 7 2 
7 3 4 2 1 6 9 5 8 

Board 275:
7 1 8 2 5 3 6 4 9 
6 5 9 7 8 4 1 2 3 
3 4 2 9 1 6 8 7 5 
5 7 3 6 2 1 9 8 4 
8 2 1 4 7 9 3 5 6 
4 9 6 8 3 5 2 1 7 
2 6 5 3 4 8 7 9 1 
1 3 7 5 9 2 4 6 8 
9 8 4 1 6 7 5 3 2 

Board 276:
7 6 2 3 1 4 5 9 8 
4 5 9 8 6 2 3 7 1 
3 8 1 7 9 5 6 2 4 
1 7 4 9 8 6 2 5 3 
2 3 5 4 7 1 8 6 9 
6 9 8 5 2 3 1 4 7 
9 4 3 6 5 8 7 1 2 
5 2 7 1 3 9 4 8 6 
8 1 6 2 4 7 9 3 5 

Board 277:
1 6 8 2 4 9 7 3 5 
7 5 4 3 8 1 6 2 9 
3 2 9 6 7 5 4 1 8 
4 8 7 9 2 6 1 5 3 
2 1 6 5 3 7 9 8 4 
9 3 5 4 1 8 2 7 6 
6 7 3 8 9 2 5 4 1 
5 4 1 7 6 3 8 9 2 
8 9 2 1 5 4 3 6 7 

Board 278:
1 2 6 4 9 8 7 3 5 
5 3 4 1 6 7 9 2 8 
7 8 9 2 5 3 1 6 4 
6 1 8 7 3 2 4 5 9 
9 4 3 5 8 1 6 7 2 
2 7 5 9 4 6 8 1 3 
3 9 2 6 7 4 5 8 1 
4 6 1 8 2 5 3 9 7 
8 5 7 3 1 9 2 4 6 

Board 279:
7 6 2 8 3 4 1 9 5 
4 8 9 7 5 1 2 3 6 
1 3 5 2 6 9 7 4 8 
3 2 4 6 8 5 9 7 1 
9 5 7 1 2 3 6 8 4 
6 1 8 4 9 7 5 2 3 
5 7 3 9 1 8 4 6 2 
8 9 6 5 4 2 3 1 7 
2 4 1 3 7 6 8 5 9 

Board 280:
7 1 9 2 5 8 3 4 6 
5 6 3 1 4 7 2 8 9 
2 8 4 9 3 6 1 5 7 
3 9 7 6 8 5 4 2 1 
8 4 6 7 1 2 5 9 3 
1 2 5 4 9 3 7 6 8 
6 5 2 8 7 1 9 3 4 
9 3 1 5 6 4 8 7 2 
4 7 8 3 2 9 6 1 5 

Board 281:
9 5 8 2 6 4 3 7 1
2 4 3 8 7 1 6 9 5 
7 6 1 3 5 9 8 2 4 
4 9 7 1 2 6 5 3 8 
8 2 6 5 4 3 7 1 9 
1 3 5 9 8 7 4 6 2 
6 7 9 4 1 5 2 8 3 
3 8 4 6 9 2 1 5 7 
5 1 2 7 3 8 9 4 6 

Board 282:
4 2 8 9 1 5 7 6 3 
5 1 6 7 4 3 9 8 2 
3 7 9 6 2 8 4 1 5 
2 8 3 5 6 7 1 9 4 
7 9 1 8 3 4 2 5 6 
6 4 5 1 9 2 3 7 8 
9 3 7 2 8 6 5 4 1 
1 6 4 3 5 9 8 2 7 
8 5 2 4 7 1 6 3 9 

Board 283:
2 4 9 5 6 1 3 8 7 
7 8 1 9 2 3 4 5 6 
6 5 3 8 7 4 1 2 9 
9 3 8 4 5 6 2 7 1 
1 6 5 2 8 7 9 4 3 
4 2 7 3 1 9 5 6 8 
8 1 4 6 9 5 7 3 2 
5 7 2 1 3 8 6 9 4 
3 9 6 7 4 2 8 1 5 

Board 284:
1 8 3 2 7 4 6 5 9 
9 7 4 5 8 6 3 2 1 
2 6 5 1 9 3 7 4 8 
5 9 2 8 3 1 4 6 7 
8 4 6 7 2 5 9 1 3 
7 3 1 4 6 9 2 8 5 
3 5 9 6 4 8 1 7 2 
6 1 7 3 5 2 8 9 4 
4 2 8 9 1 7 5 3 6 

Board 285:
8 6 5 7 1 3 4 2 9 
1 2 7 6 9 4 3 5 8 
4 3 9 8 2 5 7 6 1 
9 1 3 4 8 6 2 7 5 
6 8 2 5 7 9 1 4 3 
7 5 4 1 3 2 8 9 6 
5 7 8 9 4 1 6 3 2 
3 9 1 2 6 7 5 8 4 
2 4 6 3 5 8 9 1 7 

Board 286:
7 6 3 8 5 4 9 2 1 
4 5 2 3 9 1 6 8 7 
8 9 1 6 7 2 3 5 4 
1 7 6 9 3 8 5 4 2 
5 8 4 2 1 6 7 9 3 
3 2 9 7 4 5 1 6 8 
9 4 5 1 8 7 2 3 6 
6 3 7 4 2 9 8 1 5 
2 1 8 5 6 3 4 7 9 

Board 287:
4 7 9 1 8 5 3 2 6 
5 1 8 3 2 6 9 4 7 
2 6 3 9 7 4 1 8 5 
7 4 6 8 9 3 5 1 2 
1 9 2 5 4 7 6 3 8 
8 3 5 2 6 1 7 9 4 
9 5 4 7 3 2 8 6 1 
6 8 1 4 5 9 2 7 3 
3 2 7 6 1 8 4 5 9 

Board 288:
9 3 5 1 7 2 4 6 8 
2 4 6 5 9 8 7 3 1 
8 7 1 6 4 3 5 2 9 
4 2 9 8 3 5 6 1 7 
7 5 8 9 1 6 2 4 3 
1 6 3 4 2 7 9 8 5 
3 1 2 7 6 9 8 5 4 
5 9 4 2 8 1 3 7 6 
6 8 7 3 5 4 1 9 2 

Board 289:
6 9 4 8 2 1 7 3 5 
8 1 7 4 5 3 6 2 9 
5 3 2 9 6 7 4 1 8 
9 6 5 2 3 8 1 7 4 
1 4 8 6 7 9 2 5 3 
2 7 3 1 4 5 8 9 6 
7 2 9 3 8 4 5 6 1 
3 8 6 5 1 2 9 4 7 
4 5 1 7 9 6 3 8 2 

Board 290:
5 8 2 3 1 6 4 9 7 
3 6 9 8 4 7 1 2 5 
7 1 4 9 5 2 8 3 6 
2 4 5 6 3 1 9 7 8 
6 3 1 7 9 8 5 4 2 
9 7 8 5 2 4 3 6 1 
4 9 7 1 6 5 2 8 3 
8 5 3 2 7 9 6 1 4 
1 2 6 4 8 3 7 5 9 

Board 291:
4 9 5 3 8 1 7 6 2 
6 1 7 5 9 2 8 3 4 
8 3 2 6 7 4 5 9 1 
1 5 9 2 6 3 4 7 8 
7 8 6 9 4 5 1 2 3 
2 4 3 7 1 8 9 5 6 
3 7 1 8 5 6 2 4 9 
9 6 4 1 2 7 3 8 5 
5 2 8 4 3 9 6 1 7 

Board 292:
4 5 6 9 2 1 3 8 7 
2 8 7 4 3 6 1 5 9 
3 1 9 8 7 5 6 2 4 
5 6 1 3 8 9 7 4 2 
9 2 3 5 4 7 8 1 6 
7 4 8 6 1 2 5 9 3 
6 9 2 1 5 3 4 7 8 
8 3 5 7 9 4 2 6 1 
1 7 4 2 6 8 9 3 5 

Board 293:
9 7 8 5 4 3 6 1 2 
5 2 6 9 7 1 8 4 3 
4 3 1 2 6 8 7 5 9 
6 8 2 4 1 9 3 7 5 
1 9 3 6 5 7 2 8 4 
7 4 5 3 8 2 9 6 1 
3 5 7 8 9 4 1 2 6 
8 6 9 1 2 5 4 3 7 
2 1 4 7 3 6 5 9 8 

Board 294:
2 5 1 6 8 4 7 9 3 
4 6 9 7 1 3 8 5 2 
8 7 3 9 2 5 4 6 1 
5 8 4 3 6 1 9 2 7 
1 9 6 2 5 7 3 4 8 
3 2 7 8 4 9 6 1 5 
9 4 8 1 3 2 5 7 6 
6 1 5 4 7 8 2 3 9 
7 3 2 5 9 6 1 8 4 

Board 295:
2 9 5 1 3 4 6 7 8 
4 1 8 9 6 7 5 3 2 
7 6 3 5 2 8 4 9 1 
8 3 1 7 9 5 2 6 4 
6 4 2 8 1 3 9 5 7 
5 7 9 2 4 6 8 1 3 
1 8 7 4 5 9 3 2 6 
9 2 6 3 8 1 7 4 5 
3 5 4 6 7 2 1 8 9 

Board 296:
3 6 9 1 8 2 5 4 7 
7 1 4 6 9 5 3 8 2 
5 2 8 4 7 3 1 6 9 
8 9 7 3 6 4 2 1 5 
6 5 1 9 2 7 4 3 8 
4 3 2 5 1 8 9 7 6 
9 4 5 8 3 6 7 2 1 
1 7 6 2 4 9 8 5 3 
2 8 3 7 5 1 6 9 4 

Board 297:
4 3 2 6 7 1 9 8 5 
7 9 6 3 8 5 1 4 2 
1 5 8 4 2 9 6 3 7 
6 8 4 9 3 2 5 7 1 
3 7 9 5 1 6 8 2 4 
5 2 1 8 4 7 3 6 9 
2 6 3 1 9 4 7 5 8 
9 4 5 7 6 8 2 1 3 
8 1 7 2 5 3 4 9 6 

Board 298:
4 8 5 7 2 9 3 1 6 
2 7 1 4 3 6 9 5 8 
3 9 6 5 1 8 4 7 2 
8 6 4 2 5 7 1 3 9 
1 3 7 6 9 4 2 8 5 
9 5 2 1 8 3 6 4 7 
5 2 9 8 4 1 7 6 3 
6 1 3 9 7 5 8 2 4 
7 4 8 3 6 2 5 9 1 

Board 299:
9 6 1 3 7 8 5 2 4 
7 5 2 9 1 4 6 8 3 
8 4 3 2 6 5 7 9 1 
6 7 4 1 5 9 8 3 2 
1 2 8 7 3 6 4 5 9 
3 9 5 4 8 2 1 7 6 
5 1 9 8 4 3 2 6 7 
2 8 7 6 9 1 3 4 5 
4 3 6 5 2 7 9 1 8 

Board 300:
5 6 3 7 8 4 9 2 1 
8 7 4 9 1 2 3 6 5 
9 1 2 3 6 5 8 4 7 
3 2 5 1 9 8 4 7 6 
6 9 8 4 5 7 2 1 3 
1 4 7 6 2 3 5 9 8 
7 8 1 5 4 9 6 3 2 
4 5 6 2 3 1 7 8 9 
2 3 9 8 7 6 1 5 4 

Board 301:
9 2 4 7 8 6 5 1 3 
3 1 6 5 9 2 4 8 7 
7 5 8 3 4 1 2 6 9 
8 7 5 9 6 3 1 4 2 
1 9 3 8 2 4 6 7 5 
4 6 2 1 5 7 3 9 8 
2 4 7 6 3 8 9 5 1 
5 3 1 4 7 9 8 2 6 
6 8 9 2 1 5 7 3 4 

Board 302:
4 3 7 5 2 1 9 8 6 
8 1 9 4 6 3 7 5 2 
6 2 5 7 8 9 3 4 1 
9 7 6 3 5 8 2 1 4 
1 8 4 2 9 7 5 6 3 
2 5 3 1 4 6 8 7 9 
3 4 8 6 7 2 1 9 5 
7 6 1 9 3 5 4 2 8 
5 9 2 8 1 4 6 3 7 

Board 303:
4 7 2 1 3 9 6 8 5 
1 6 8 2 5 7 4 9 3 
3 5 9 8 4 6 7 1 2 
9 2 6 5 7 4 8 3 1 
5 3 1 6 8 2 9 7 4 
8 4 7 3 9 1 5 2 6 
2 1 5 7 6 8 3 4 9 
6 8 4 9 2 3 1 5 7 
7 9 3 4 1 5 2 6 8 

Board 304:
2 8 7 6 1 9 5 3 4 
4 6 1 5 8 3 9 7 2 
9 5 3 7 4 2 8 1 6 
5 7 2 8 6 4 1 9 3 
3 4 9 1 2 5 6 8 7 
6 1 8 3 9 7 2 4 5 
7 2 5 9 3 8 4 6 1 
8 3 6 4 5 1 7 2 9 
1 9 4 2 7 6 3 5 8 

Board 305:
6 9 8 4 1 7 3 2 5 
4 7 5 9 2 3 6 8 1 
1 2 3 8 5 6 9 4 7 
8 5 1 6 7 4 2 9 3 
2 4 9 3 8 1 5 7 6 
3 6 7 5 9 2 4 1 8 
7 1 6 2 4 5 8 3 9 
5 8 2 1 3 9 7 6 4 
9 3 4 7 6 8 1 5 2 

Board 306:
9 2 5 7 1 6 4 3 8 
4 1 3 9 8 5 2 6 7 
8 6 7 3 2 4 1 5 9 
6 5 2 1 7 8 9 4 3 
1 3 4 6 9 2 7 8 5 
7 9 8 4 5 3 6 2 1 
2 7 6 5 3 1 8 9 4 
3 4 1 8 6 9 5 7 2 
5 8 9 2 4 7 3 1 6 

Board 307:
8 6 2 3 4 9 7 5 1 
5 1 3 8 2 7 4 9 6 
7 9 4 1 5 6 2 8 3 
1 5 8 2 6 4 3 7 9 
3 7 9 5 1 8 6 4 2 
2 4 6 7 9 3 8 1 5 
6 2 5 4 7 1 9 3 8 
9 3 7 6 8 5 1 2 4 
4 8 1 9 3 2 5 6 7 

Board 308:
6 1 8 9 5 7 2 3 4 
5 3 7 6 2 4 8 1 9 
2 4 9 1 3 8 6 5 7 
8 6 1 4 7 5 9 2 3 
9 2 4 3 6 1 7 8 5 
3 7 5 8 9 2 1 4 6 
1 9 2 5 4 6 3 7 8 
4 8 3 7 1 9 5 6 2 
7 5 6 2 8 3 4 9 1 

Board 309:
4 1 7 2 3 8 6 5 9 
8 5 9 7 6 1 2 3 4 
3 6 2 5 9 4 8 1 7 
1 8 5 3 2 7 9 4 6 
2 7 3 9 4 6 5 8 1 
9 4 6 1 8 5 7 2 3 
6 3 8 4 7 2 1 9 5 
5 2 4 6 1 9 3 7 8 
7 9 1 8 5 3 4 6 2 

Board 310:
7 3 9 1 6 4 5 2 8 
6 8 4 2 7 5 3 9 1 
2 5 1 8 3 9 4 7 6 
1 6 3 5 4 7 2 8 9 
8 4 2 6 9 1 7 5 3 
9 7 5 3 8 2 1 6 4 
3 9 7 4 2 6 8 1 5 
5 2 8 9 1 3 6 4 7 
4 1 6 7 5 8 9 3 2 

Board 311:
4 5 1 9 3 8 2 7 6 
6 8 7 2 4 5 9 1 3 
9 2 3 1 7 6 5 8 4 
8 1 2 4 5 3 6 9 7 
5 4 6 8 9 7 1 3 2 
3 7 9 6 1 2 4 5 8 
2 3 5 7 6 9 8 4 1 
1 9 8 3 2 4 7 6 5 
7 6 4 5 8 1 3 2 9 

Board 312:
8 3 4 5 1 9 7 6 2 
6 7 2 8 3 4 1 5 9 
5 9 1 6 2 7 4 3 8 
7 5 8 4 9 6 2 1 3 
4 6 3 2 5 1 9 8 7 
2 1 9 3 7 8 5 4 6 
3 2 7 1 8 5 6 9 4 
1 8 6 9 4 2 3 7 5 
9 4 5 7 6 3 8 2 1 

Board 313:
7 6 1 4 3 5 9 2 8 
2 8 4 1 7 9 6 3 5 
9 5 3 2 8 6 4 1 7 
1 7 9 6 2 4 5 8 3 
6 2 8 5 9 3 1 7 4 
4 3 5 7 1 8 2 6 9 
8 9 6 3 4 1 7 5 2 
5 4 7 8 6 2 3 9 1 
3 1 2 9 5 7 8 4 6 

Board 314:
5 3 8 6 9 7 4 2 1 
9 7 6 2 1 4 8 5 3 
1 2 4 3 5 8 7 6 9 
6 8 3 5 4 2 1 9 7 
7 9 5 8 3 1 6 4 2 
2 4 1 9 7 6 5 3 8 
8 1 9 4 6 3 2 7 5 
4 5 7 1 2 9 3 8 6 
3 6 2 7 8 5 9 1 4 

Board 315:
3 7 4 6 2 5 8 9 1 
9 1 8 4 3 7 6 2 5 
2 5 6 9 8 1 3 4 7 
4 2 1 5 6 8 9 7 3 
7 6 5 3 1 9 2 8 4 
8 3 9 2 7 4 1 5 6 
1 4 7 8 9 3 5 6 2 
6 9 3 7 5 2 4 1 8 
5 8 2 1 4 6 7 3 9 

Board 316:
6 5 9 4 7 2 1 8 3 
7 8 4 5 3 1 2 6 9 
3 2 1 8 6 9 7 5 4 
2 3 6 1 4 5 9 7 8 
9 7 8 6 2 3 5 4 1 
4 1 5 7 9 8 3 2 6 
8 4 3 2 1 7 6 9 5 
5 9 2 3 8 6 4 1 7 
1 6 7 9 5 4 8 3 2 

Board 317:
3 6 7 9 1 4 2 5 8 
8 5 1 6 2 7 4 3 9 
9 4 2 8 3 5 1 6 7 
5 9 3 4 7 2 6 8 1 
4 7 8 1 5 6 9 2 3 
1 2 6 3 8 9 7 4 5 
6 3 9 7 4 8 5 1 2 
2 1 4 5 9 3 8 7 6 
7 8 5 2 6 1 3 9 4 

Board 318:
6 9 8 1 5 4 2 3 7 
4 5 2 8 3 7 6 9 1 
1 7 3 2 6 9 5 8 4 
5 6 1 4 8 2 9 7 3 
9 3 7 5 1 6 8 4 2 
2 8 4 9 7 3 1 6 5 
7 1 5 6 4 8 3 2 9 
8 4 9 3 2 1 7 5 6 
3 2 6 7 9 5 4 1 8 

Board 319:
7 6 8 4 1 9 3 5 2 
1 9 4 5 3 2 8 6 7 
2 5 3 7 6 8 4 1 9 
8 1 5 6 4 7 2 9 3 
9 4 7 3 2 5 1 8 6 
6 3 2 9 8 1 7 4 5 
3 2 1 8 5 6 9 7 4 
4 7 6 1 9 3 5 2 8 
5 8 9 2 7 4 6 3 1 

Board 320:
1 6 9 3 2 5 8 4 7 
4 8 5 6 9 7 2 1 3 
3 2 7 8 1 4 9 6 5 
2 9 1 5 8 3 6 7 4 
7 4 8 1 6 9 3 5 2 
5 3 6 7 4 2 1 9 8 
9 1 2 4 5 8 7 3 6 
6 5 3 2 7 1 4 8 9 
8 7 4 9 3 6 5 2 1 

Board 321:
9 3 6 8 7 5 1 2 4 
2 1 8 4 3 9 7 5 6 
7 5 4 1 6 2 8 3 9 
5 8 3 7 4 6 9 1 2 
1 6 7 9 2 8 5 4 3 
4 9 2 5 1 3 6 7 8 
6 2 1 3 9 7 4 8 5 
8 7 9 2 5 4 3 6 1 
3 4 5 6 8 1 2 9 7 

Board 322:
7 2 8 9 4 5 1 6 3 
6 4 5 8 3 1 9 7 2 
3 1 9 2 6 7 5 8 4 
2 5 3 6 1 9 7 4 8 
8 7 4 3 5 2 6 1 9 
1 9 6 4 7 8 3 2 5 
9 8 7 5 2 6 4 3 1 
4 6 2 1 9 3 8 5 7 
5 3 1 7 8 4 2 9 6 

Board 323:
1 6 4 2 7 5 9 8 3 
9 5 8 3 1 6 2 7 4 
3 7 2 9 4 8 6 5 1 
5 2 1 6 3 7 4 9 8 
8 4 7 5 9 1 3 6 2 
6 3 9 8 2 4 5 1 7 
7 9 3 1 6 2 8 4 5 
2 1 5 4 8 9 7 3 6 
4 8 6 7 5 3 1 2 9 

Board 324:
1 8 2 6 5 3 9 7 4 
5 7 9 2 4 8 1 6 3 
3 4 6 9 1 7 8 2 5 
8 2 7 1 9 4 3 5 6 
9 1 5 7 3 6 2 4 8 
4 6 3 8 2 5 7 1 9 
7 5 8 3 6 2 4 9 1 
6 3 1 4 7 9 5 8 2 
2 9 4 5 8 1 6 3 7 

Board 325:
5 4 3 6 2 1 8 9 7 
6 7 9 4 5 8 1 3 2 
1 2 8 7 3 9 5 4 6 
8 9 5 1 7 3 2 6 4 
3 6 4 8 9 2 7 5 1 
2 1 7 5 6 4 9 8 3 
9 8 2 3 4 7 6 1 5 
7 3 6 9 1 5 4 2 8 
4 5 1 2 8 6 3 7 9 

Board 326:
9 1 5 4 7 2 8 3 6 
7 2 4 6 8 3 1 5 9 
3 6 8 9 5 1 4 2 7 
4 8 2 7 3 5 9 6 1 
5 7 3 1 6 9 2 4 8 
1 9 6 2 4 8 3 7 5 
8 5 1 3 2 7 6 9 4 
2 4 7 8 9 6 5 1 3 
6 3 9 5 1 4 7 8 2 

Board 327:
2 5 3 7 8 4 1 6 9 
4 8 1 9 6 3 2 7 5 
9 6 7 1 2 5 3 4 8 
7 1 8 3 9 2 6 5 4 
6 3 2 5 4 8 7 9 1 
5 4 9 6 7 1 8 2 3 
1 2 4 8 5 6 9 3 7 
3 9 5 2 1 7 4 8 6 
8 7 6 4 3 9 5 1 2 

Board 328:
2 3 6 5 4 9 8 1 7 
4 7 9 6 8 1 5 2 3 
1 5 8 3 2 7 9 6 4 
8 9 7 4 1 6 3 5 2 
6 2 1 7 5 3 4 9 8 
5 4 3 2 9 8 6 7 1 
9 6 4 1 3 2 7 8 5 
3 8 2 9 7 5 1 4 6 
7 1 5 8 6 4 2 3 9 

Board 329:
7 3 2 8 1 6 5 4 9 
5 9 8 3 7 4 6 2 1 
6 4 1 5 9 2 7 8 3 
2 1 4 6 8 5 3 9 7 
3 7 6 4 2 9 1 5 8 
9 8 5 1 3 7 4 6 2 
1 6 7 2 4 8 9 3 5 
4 2 9 7 5 3 8 1 6 
8 5 3 9 6 1 2 7 4 

Board 330:
4 1 7 6 3 8 5 2 9 
6 9 8 4 5 2 1 7 3 
2 5 3 1 7 9 6 4 8 
8 2 6 7 1 4 3 9 5 
7 4 5 9 8 3 2 6 1 
9 3 1 2 6 5 7 8 4 
1 6 4 3 9 7 8 5 2 
5 7 2 8 4 1 9 3 6 
3 8 9 5 2 6 4 1 7 

Board 331:
2 6 3 1 8 5 9 4 7 
7 1 9 6 3 4 2 8 5 
8 4 5 7 9 2 3 1 6 
1 2 8 3 5 6 7 9 4 
4 3 6 9 2 7 1 5 8 
5 9 7 8 4 1 6 3 2 
6 5 4 2 1 9 8 7 3 
9 8 2 5 7 3 4 6 1 
3 7 1 4 6 8 5 2 9 

Board 332:
3 8 7 5 1 9 4 2 6 
4 5 9 3 2 6 1 8 7 
1 2 6 4 7 8 3 9 5 
8 3 2 7 6 5 9 1 4 
5 7 4 8 9 1 6 3 2 
9 6 1 2 3 4 5 7 8 
2 4 8 1 5 3 7 6 9 
7 9 3 6 4 2 8 5 1 
6 1 5 9 8 7 2 4 3 

Board 333:
8 2 4 9 3 6 7 5 1 
6 9 5 2 1 7 3 4 8 
7 3 1 5 4 8 2 6 9 
4 5 6 7 2 9 8 1 3 
1 7 3 8 5 4 6 9 2 
2 8 9 3 6 1 4 7 5 
9 1 2 4 7 3 5 8 6 
5 4 8 6 9 2 1 3 7 
3 6 7 1 8 5 9 2 4 

Board 334:
7 9 2 1 3 5 4 8 6 
1 8 3 4 7 6 5 9 2 
5 6 4 9 2 8 7 1 3 
3 4 1 6 8 2 9 7 5 
6 5 8 7 1 9 3 2 4 
9 2 7 5 4 3 1 6 8 
8 1 9 2 5 4 6 3 7 
4 3 6 8 9 7 2 5 1 
2 7 5 3 6 1 8 4 9 

Board 335:
5 8 6 7 3 1 4 9 2 
3 7 2 5 9 4 1 8 6 
4 1 9 8 2 6 3 7 5 
7 2 4 9 5 3 8 6 1 
6 9 3 1 4 8 2 5 7 
8 5 1 6 7 2 9 3 4 
2 6 8 3 1 5 7 4 9 
1 3 7 4 6 9 5 2 8 
9 4 5 2 8 7 6 1 3 

Board 336:
7 9 3 2 5 1 6 4 8 
5 4 8 9 6 3 7 1 2 
1 2 6 8 4 7 9 3 5 
2 1 7 6 9 8 4 5 3 
3 8 9 4 7 5 1 2 6 
4 6 5 3 1 2 8 7 9 
8 7 2 1 3 6 5 9 4 
6 5 4 7 2 9 3 8 1 
9 3 1 5 8 4 2 6 7 

Board 337:
1 6 9 7 2 8 5 4 3 
2 5 3 1 6 4 7 8 9 
7 4 8 3 5 9 6 1 2 
6 7 5 9 3 1 8 2 4 
8 3 1 2 4 5 9 6 7 
9 2 4 8 7 6 1 3 5 
3 8 6 5 9 2 4 7 1 
4 9 2 6 1 7 3 5 8 
5 1 7 4 8 3 2 9 6 

Board 338:
5 7 3 1 4 2 9 6 8 
8 4 1 9 5 6 3 2 7 
2 9 6 7 8 3 4 1 5 
7 3 9 4 2 5 1 8 6 
4 1 2 8 6 9 5 7 3 
6 5 8 3 7 1 2 4 9 
9 6 7 2 3 4 8 5 1 
1 2 5 6 9 8 7 3 4 
3 8 4 5 1 7 6 9 2 

Board 339:
3 8 7 2 5 6 4 1 9 
1 6 5 7 9 4 2 8 3 
4 9 2 1 8 3 5 7 6 
9 3 8 4 7 5 6 2 1 
5 1 4 6 2 9 8 3 7 
2 7 6 3 1 8 9 4 5 
8 5 1 9 3 2 7 6 4 
7 4 9 8 6 1 3 5 2 
6 2 3 5 4 7 1 9 8 

Board 340:
7 1 2 8 5 9 6 4 3 
6 9 8 2 3 4 7 5 1 
4 3 5 1 7 6 9 2 8 
3 8 6 5 9 2 4 1 7 
9 7 1 3 4 8 2 6 5 
5 2 4 6 1 7 8 3 9 
8 4 3 7 6 1 5 9 2 
1 6 7 9 2 5 3 8 4 
2 5 9 4 8 3 1 7 6 

Board 341:
7 2 5 9 8 4 3 6 1 
9 3 4 6 5 1 7 2 8 
6 8 1 7 3 2 9 4 5 
8 1 2 5 4 9 6 3 7 
3 6 9 2 1 7 5 8 4 
4 5 7 8 6 3 2 1 9 
2 4 3 1 7 5 8 9 6 
5 9 8 4 2 6 1 7 3 
1 7 6 3 9 8 4 5 2 

Board 342:
9 5 6 1 7 3 8 4 2 
7 1 4 9 8 2 6 5 3 
2 3 8 4 5 6 1 7 9 
5 2 9 3 4 1 7 8 6 
8 6 1 2 9 7 5 3 4 
4 7 3 5 6 8 2 9 1 
3 9 7 6 2 5 4 1 8 
6 4 5 8 1 9 3 2 7 
1 8 2 7 3 4 9 6 5 

Board 343:
7 6 1 3 2 4 9 8 5 
3 8 2 5 7 9 1 4 6 
5 4 9 6 1 8 7 3 2 
6 9 3 1 5 2 8 7 4 
8 2 7 4 6 3 5 9 1 
4 1 5 9 8 7 6 2 3 
1 7 4 8 3 5 2 6 9 
9 5 8 2 4 6 3 1 7 
2 3 6 7 9 1 4 5 8 

Board 344:
9 3 7 8 4 6 5 1 2 
5 1 4 9 3 2 8 7 6 
2 8 6 7 5 1 9 3 4 
4 2 3 1 6 5 7 9 8 
6 7 9 2 8 3 1 4 5 
1 5 8 4 9 7 6 2 3 
3 6 2 5 1 9 4 8 7 
8 9 5 3 7 4 2 6 1 
7 4 1 6 2 8 3 5 9 

Board 345:
3 8 5 2 1 4 9 6 7 
6 2 1 7 8 9 5 3 4 
9 7 4 6 3 5 8 1 2 
7 1 2 8 5 6 4 9 3 
8 5 3 9 4 2 6 7 1 
4 9 6 3 7 1 2 8 5 
2 4 8 1 6 7 3 5 9 
1 3 9 5 2 8 7 4 6 
5 6 7 4 9 3 1 2 8 

Board 346:
1 3 6 7 9 5 4 2 8 
4 7 8 2 6 3 9 1 5 
2 9 5 4 1 8 7 3 6 
3 2 1 8 4 6 5 7 9 
8 4 7 5 2 9 1 6 3 
6 5 9 1 3 7 2 8 4 
5 8 3 9 7 1 6 4 2 
7 6 2 3 5 4 8 9 1 
9 1 4 6 8 2 3 5 7 

Board 347:
6 4 5 9 2 3 1 8 7 
7 9 3 6 8 1 2 4 5 
8 1 2 7 5 4 3 9 6 
5 2 6 3 1 9 4 7 8 
4 7 1 8 6 5 9 3 2 
9 3 8 2 4 7 6 5 1 
3 8 9 1 7 2 5 6 4 
2 5 7 4 9 6 8 1 3 
1 6 4 5 3 8 7 2 9 

Board 348:
6 4 5 8 9 1 7 2 3 
3 8 1 7 5 2 4 6 9 
9 7 2 3 6 4 8 1 5 
2 9 4 1 7 8 3 5 6 
5 3 6 4 2 9 1 7 8 
8 1 7 5 3 6 2 9 4 
7 6 9 2 8 3 5 4 1 
4 5 8 9 1 7 6 3 2 
1 2 3 6 4 5 9 8 7 

Board 349:
7 9 1 6 2 8 3 5 4 
5 2 6 7 3 4 1 8 9 
8 4 3 5 1 9 6 7 2 
9 5 4 3 8 1 7 2 6 
2 1 7 4 6 5 9 3 8 
3 6 8 9 7 2 4 1 5 
6 8 9 1 5 7 2 4 3 
4 7 2 8 9 3 5 6 1 
1 3 5 2 4 6 8 9 7 

Board 350:
2 1 5 8 4 3 6 9 7 
9 7 6 5 1 2 3 8 4 
8 4 3 9 6 7 2 5 1 
7 8 9 3 5 4 1 2 6 
5 6 4 2 7 1 8 3 9 
3 2 1 6 9 8 7 4 5 
4 3 7 1 8 9 5 6 2 
1 5 2 4 3 6 9 7 8 
6 9 8 7 2 5 4 1 3 

Board 351:
2 8 1 9 3 7 4 5 6 
5 7 3 6 8 4 1 2 9 
4 6 9 1 2 5 8 7 3 
9 1 7 3 5 6 2 8 4 
6 2 8 4 7 9 5 3 1 
3 5 4 2 1 8 6 9 7 
8 3 5 7 4 1 9 6 2 
1 9 2 8 6 3 7 4 5 
7 4 6 5 9 2 3 1 8 

Board 352:
7 8 1 2 3 4 6 9 5 
9 5 3 8 7 6 1 2 4 
4 6 2 5 1 9 3 7 8 
5 7 6 1 2 3 4 8 9 
3 1 4 9 8 7 2 5 6 
8 2 9 4 6 5 7 1 3 
2 9 7 6 4 8 5 3 1 
1 4 8 3 5 2 9 6 7 
6 3 5 7 9 1 8 4 2 

Board 353:
3 4 2 5 6 7 9 1 8 
8 5 6 9 2 1 3 4 7 
1 7 9 8 4 3 6 2 5 
7 9 8 1 3 6 4 5 2 
6 2 4 7 9 5 1 8 3 
5 1 3 4 8 2 7 9 6 
9 8 7 3 5 4 2 6 1 
2 3 5 6 1 9 8 7 4 
4 6 1 2 7 8 5 3 9 

Board 354:
3 1 6 5 8 4 2 7 9 
7 8 2 9 1 6 5 4 3 
5 9 4 3 2 7 6 8 1 
1 3 7 2 5 9 4 6 8 
8 6 5 7 4 3 9 1 2 
2 4 9 8 6 1 7 3 5 
4 2 3 6 9 8 1 5 7 
9 7 1 4 3 5 8 2 6 
6 5 8 1 7 2 3 9 4 

Board 355:
1 6 3 4 8 7 2 5 9 
4 8 9 3 5 2 6 1 7 
7 5 2 6 9 1 4 3 8 
2 9 5 8 4 6 3 7 1 
3 7 4 1 2 5 9 8 6 
8 1 6 7 3 9 5 4 2 
5 2 8 9 7 3 1 6 4 
6 3 7 2 1 4 8 9 5 
9 4 1 5 6 8 7 2 3 

Board 356:
6 2 1 7 8 4 3 9 5 
9 3 8 5 2 1 4 7 6 
4 5 7 6 3 9 1 2 8 
1 6 4 2 7 5 9 8 3 
3 8 5 9 4 6 7 1 2 
2 7 9 8 1 3 6 5 4 
7 1 6 3 5 8 2 4 9 
8 4 3 1 9 2 5 6 7 
5 9 2 4 6 7 8 3 1 

Board 357:
7 9 5 4 2 8 1 6 3 
2 4 1 9 3 6 5 7 8 
3 8 6 5 7 1 4 2 9 
1 5 9 7 6 2 3 8 4 
8 3 2 1 5 4 6 9 7 
6 7 4 3 8 9 2 5 1 
5 1 7 6 9 3 8 4 2 
4 6 8 2 1 7 9 3 5 
9 2 3 8 4 5 7 1 6 

Board 358:
5 2 1 7 6 9 4 3 8 
6 7 8 1 3 4 2 5 9 
3 4 9 5 2 8 1 6 7 
9 6 4 3 5 7 8 2 1 
2 8 7 9 1 6 5 4 3 
1 3 5 8 4 2 7 9 6 
7 1 6 2 9 5 3 8 4 
4 5 3 6 8 1 9 7 2 
8 9 2 4 7 3 6 1 5 

Board 359:
3 4 5 8 1 9 7 2 6 
2 7 6 4 5 3 9 1 8 
8 9 1 2 6 7 5 3 4 
5 3 7 1 8 2 6 4 9 
4 2 9 6 7 5 1 8 3 
6 1 8 3 9 4 2 5 7 
9 5 3 7 4 1 8 6 2 
1 6 2 9 3 8 4 7 5 
7 8 4 5 2 6 3 9 1 

Board 360:
5 2 3 8 6 7 4 1 9 
6 9 7 1 3 4 8 5 2 
4 8 1 2 9 5 3 7 6 
2 5 9 7 8 3 6 4 1 
7 1 8 9 4 6 2 3 5 
3 4 6 5 1 2 7 9 8 
9 6 5 3 7 8 1 2 4 
8 7 2 4 5 1 9 6 3 
1 3 4 6 2 9 5 8 7 

Board 361:
4 9 7 2 1 5 3 6 8 
3 6 8 7 9 4 5 2 1 
1 5 2 8 3 6 9 4 7 
8 2 4 3 5 9 1 7 6 
6 3 5 4 7 1 2 8 9 
7 1 9 6 2 8 4 3 5 
2 7 1 9 6 3 8 5 4 
9 8 3 5 4 7 6 1 2 
5 4 6 1 8 2 7 9 3 

Board 362:
6 9 7 5 4 2 8 3 1 
2 4 8 9 1 3 7 5 6 
3 5 1 6 8 7 2 9 4 
7 8 3 2 9 1 4 6 5 
9 1 6 8 5 4 3 2 7 
5 2 4 3 7 6 1 8 9 
1 6 5 4 2 8 9 7 3 
4 3 2 7 6 9 5 1 8 
8 7 9 1 3 5 6 4 2 

Board 363:
5 4 6 1 3 9 7 8 2 
2 1 3 7 8 5 6 9 4 
7 9 8 4 2 6 5 1 3 
1 2 5 3 7 4 9 6 8 
6 8 7 2 9 1 3 4 5 
4 3 9 6 5 8 1 2 7 
3 5 1 8 6 2 4 7 9 
8 7 4 9 1 3 2 5 6 
9 6 2 5 4 7 8 3 1 

Board 364:
3 1 2 6 7 5 9 8 4 
4 6 9 3 8 2 5 7 1 
5 8 7 4 9 1 2 6 3 
6 2 5 8 3 4 1 9 7 
1 3 8 9 5 7 4 2 6 
7 9 4 1 2 6 8 3 5 
2 7 3 5 1 9 6 4 8 
9 4 1 7 6 8 3 5 2 
8 5 6 2 4 3 7 1 9 

Board 365:
5 4 9 8 3 2 6 7 1 
3 7 8 4 1 6 2 5 9 
2 1 6 7 9 5 3 4 8 
8 3 5 6 7 9 4 1 2 
1 6 2 3 8 4 7 9 5 
4 9 7 2 5 1 8 3 6 
7 5 4 9 6 8 1 2 3 
9 8 3 1 2 7 5 6 4 
6 2 1 5 4 3 9 8 7 

Board 366:
4 8 2 7 5 3 1 6 9 
3 9 7 4 1 6 2 5 8 
5 6 1 8 9 2 3 7 4 
9 7 8 1 4 5 6 2 3 
1 2 4 3 6 8 7 9 5 
6 5 3 2 7 9 8 4 1 
2 1 6 5 3 4 9 8 7 
8 3 5 9 2 7 4 1 6 
7 4 9 6 8 1 5 3 2 

Board 367:
5 6 2 7 1 3 4 9 8 
9 7 3 5 4 8 2 6 1 
4 1 8 2 9 6 7 3 5 
6 3 1 9 7 2 5 8 4 
2 8 4 1 6 5 9 7 3 
7 9 5 3 8 4 6 1 2 
1 2 7 4 3 9 8 5 6 
8 4 9 6 5 1 3 2 7 
3 5 6 8 2 7 1 4 9 

Board 368:
6 1 4 2 5 3 7 9 8 
8 7 3 4 6 9 2 1 5 
9 2 5 8 1 7 6 4 3 
5 9 6 7 2 8 1 3 4 
7 3 1 5 9 4 8 6 2 
2 4 8 1 3 6 5 7 9 
4 5 2 9 7 1 3 8 6 
3 8 7 6 4 5 9 2 1 
1 6 9 3 8 2 4 5 7 

Board 369:
3 7 2 9 6 8 5 1 4 
9 1 5 2 7 4 8 6 3 
8 6 4 5 3 1 2 7 9 
2 3 6 8 4 9 1 5 7 
7 9 8 6 1 5 3 4 2 
5 4 1 7 2 3 6 9 8 
4 8 3 1 9 6 7 2 5 
1 5 7 4 8 2 9 3 6 
6 2 9 3 5 7 4 8 1 

Board 370:
2 6 1 7 3 9 5 4 8 
9 4 5 2 1 8 7 6 3 
3 8 7 5 6 4 2 9 1 
4 2 3 9 7 6 8 1 5 
1 7 9 8 2 5 6 3 4 
8 5 6 1 4 3 9 2 7 
5 9 2 3 8 1 4 7 6 
7 3 4 6 5 2 1 8 9 
6 1 8 4 9 7 3 5 2 

Board 371:
5 2 7 9 4 3 6 1 8 
9 1 4 7 6 8 3 2 5 
3 8 6 5 2 1 4 7 9 
8 5 3 2 1 4 9 6 7 
1 7 9 6 3 5 8 4 2 
4 6 2 8 7 9 1 5 3 
6 9 1 3 5 2 7 8 4 
7 3 5 4 8 6 2 9 1 
2 4 8 1 9 7 5 3 6 

Board 372:
1 7 3 2 5 9 8 4 6 
8 2 4 7 6 1 9 5 3 
9 5 6 3 8 4 1 7 2 
5 4 8 9 3 2 6 1 7 
6 3 2 1 7 5 4 9 8 
7 1 9 6 4 8 3 2 5 
3 9 1 8 2 7 5 6 4 
2 6 5 4 9 3 7 8 1 
4 8 7 5 1 6 2 3 9 

Board 373:
7 1 4 9 6 3 5 2 8 
3 2 5 7 8 4 6 9 1 
9 8 6 5 2 1 3 7 4 
1 4 7 6 3 5 2 8 9 
6 3 2 1 9 8 7 4 5 
5 9 8 4 7 2 1 6 3 
8 5 3 2 4 7 9 1 6 
2 6 1 8 5 9 4 3 7 
4 7 9 3 1 6 8 5 2 

Board 374:
5 4 9 3 6 8 1 2 7 
3 7 8 4 2 1 5 6 9 
6 1 2 5 7 9 8 3 4 
8 9 1 7 4 6 2 5 3 
7 2 6 1 3 5 4 9 8 
4 5 3 8 9 2 7 1 6 
9 6 7 2 5 4 3 8 1 
2 8 4 9 1 3 6 7 5 
1 3 5 6 8 7 9 4 2 

Board 375:
7 4 2 5 1 9 3 8 6 
5 6 3 2 4 8 7 9 1 
8 1 9 7 6 3 5 2 4 
6 9 1 3 7 2 4 5 8 
3 7 4 1 8 5 2 6 9 
2 5 8 4 9 6 1 3 7 
1 8 5 9 3 4 6 7 2 
9 3 7 6 2 1 8 4 5 
4 2 6 8 5 7 9 1 3 

Board 376:
8 3 4 7 6 9 5 1 2 
5 9 7 4 1 2 3 8 6 
1 6 2 8 5 3 4 9 7 
6 7 3 9 2 5 8 4 1 
2 4 5 3 8 1 6 7 9 
9 8 1 6 7 4 2 5 3 
3 2 9 5 4 7 1 6 8 
4 1 8 2 9 6 7 3 5 
7 5 6 1 3 8 9 2 4 

Board 377:
7 9 6 2 3 4 5 8 1 
4 8 3 9 1 5 7 2 6 
2 5 1 6 8 7 3 9 4 
3 6 2 5 7 9 4 1 8 
8 7 5 1 4 6 2 3 9 
1 4 9 3 2 8 6 5 7 
5 2 8 4 6 1 9 7 3 
9 1 4 7 5 3 8 6 2 
6 3 7 8 9 2 1 4 5 

Board 378:
9 4 5 2 8 1 6 3 7 
6 3 7 4 9 5 8 2 1 
8 2 1 6 7 3 5 4 9 
5 9 8 7 2 4 3 1 6 
4 7 2 1 3 6 9 8 5 
1 6 3 8 5 9 2 7 4 
3 1 6 9 4 2 7 5 8 
7 5 9 3 1 8 4 6 2 
2 8 4 5 6 7 1 9 3 

Board 379:
4 1 3 7 5 8 2 6 9 
9 7 5 2 4 6 8 1 3 
2 8 6 9 3 1 7 4 5 
5 6 7 4 2 9 1 3 8 
3 9 1 8 6 7 5 2 4 
8 2 4 3 1 5 6 9 7 
6 5 9 1 7 4 3 8 2 
1 4 2 5 8 3 9 7 6 
7 3 8 6 9 2 4 5 1 

Board 380:
4 9 8 7 1 2 6 3 5 
6 1 5 3 8 9 2 4 7 
7 2 3 5 6 4 9 1 8 
2 4 1 6 9 5 8 7 3 
5 3 6 2 7 8 1 9 4 
9 8 7 4 3 1 5 2 6 
1 6 2 8 4 3 7 5 9 
3 7 9 1 5 6 4 8 2 
8 5 4 9 2 7 3 6 1 

Board 381:
1 8 9 2 7 4 3 5 6 
3 5 6 8 1 9 4 7 2 
4 7 2 6 5 3 1 8 9 
6 9 3 7 2 1 5 4 8 
5 4 8 3 9 6 7 2 1 
7 2 1 4 8 5 9 6 3 
9 3 7 5 6 8 2 1 4 
2 6 4 1 3 7 8 9 5 
8 1 5 9 4 2 6 3 7 

Board 382:
7 4 3 5 2 9 8 1 6 
9 6 2 7 1 8 3 4 5 
1 5 8 4 3 6 7 9 2 
6 9 5 3 7 2 1 8 4 
8 7 4 1 6 5 9 2 3 
3 2 1 9 8 4 6 5 7 
2 3 9 6 5 1 4 7 8 
5 1 7 8 4 3 2 6 9 
4 8 6 2 9 7 5 3 1 

Board 383:
4 9 5 2 8 7 1 6 3 
1 2 8 9 6 3 4 5 7 
7 3 6 4 1 5 8 2 9 
6 4 2 8 9 1 3 7 5 
9 7 1 3 5 4 6 8 2 
8 5 3 7 2 6 9 4 1 
3 6 9 5 4 2 7 1 8 
5 1 7 6 3 8 2 9 4 
2 8 4 1 7 9 5 3 6 

Board 384:
5 8 1 7 3 2 4 6 9 
2 6 4 5 9 8 1 3 7 
3 7 9 6 4 1 8 2 5 
1 9 3 4 6 7 2 5 8 
8 2 6 3 1 5 9 7 4 
4 5 7 8 2 9 6 1 3 
9 1 5 2 7 4 3 8 6 
6 4 8 1 5 3 7 9 2 
7 3 2 9 8 6 5 4 1 

Board 385:
4 3 2 6 1 7 8 5 9 
1 9 7 8 5 3 2 4 6 
8 5 6 4 9 2 1 3 7 
9 2 5 3 7 1 6 8 4 
6 7 4 9 2 8 3 1 5 
3 8 1 5 6 4 7 9 2 
5 4 8 7 3 6 9 2 1 
7 1 9 2 8 5 4 6 3 
2 6 3 1 4 9 5 7 8 

Board 386:
5 4 1 8 2 9 7 6 3 
9 7 3 1 6 5 4 8 2 
6 8 2 7 3 4 5 9 1 
7 1 6 4 5 2 9 3 8 
2 3 8 9 1 7 6 4 5 
4 5 9 6 8 3 1 2 7 
1 2 7 3 9 6 8 5 4 
8 6 5 2 4 1 3 7 9 
3 9 4 5 7 8 2 1 6 

Board 387:
3 2 1 8 9 6 7 4 5 
6 9 7 5 4 2 3 1 8 
5 4 8 7 1 3 2 6 9 
9 5 4 6 3 8 1 2 7 
1 8 2 4 7 5 9 3 6 
7 6 3 1 2 9 5 8 4 
4 3 9 2 6 7 8 5 1 
8 7 6 3 5 1 4 9 2 
2 1 5 9 8 4 6 7 3 

Board 388:
5 1 3 8 6 7 9 4 2 
2 8 7 5 9 4 6 1 3 
6 4 9 3 1 2 7 5 8 
1 2 8 7 4 5 3 9 6 
4 3 5 6 8 9 2 7 1 
7 9 6 1 2 3 5 8 4 
9 5 1 2 3 8 4 6 7 
8 7 2 4 5 6 1 3 9 
3 6 4 9 7 1 8 2 5 

Board 389:
3 8 6 4 1 5 9 2 7 
9 4 5 8 7 2 6 3 1 
7 1 2 3 6 9 4 5 8 
1 3 9 5 2 8 7 6 4 
5 2 4 6 9 7 8 1 3 
6 7 8 1 3 4 5 9 2 
4 5 3 9 8 1 2 7 6 
8 6 7 2 5 3 1 4 9 
2 9 1 7 4 6 3 8 5 

Board 390:
4 6 8 9 1 5 2 7 3 
5 2 7 8 3 6 9 4 1 
9 1 3 4 7 2 5 6 8 
7 5 4 6 2 1 8 3 9 
2 3 9 7 4 8 1 5 6 
1 8 6 5 9 3 4 2 7 
6 7 5 1 8 4 3 9 2 
3 9 1 2 5 7 6 8 4 
8 4 2 3 6 9 7 1 5 

Board 391:
6 5 7 1 3 2 9 4 8 
9 8 4 6 7 5 2 1 3 
1 3 2 8 9 4 5 6 7 
3 4 5 7 1 9 8 2 6 
8 2 1 5 6 3 4 7 9 
7 9 6 2 4 8 1 3 5 
5 1 9 3 2 6 7 8 4 
4 7 3 9 8 1 6 5 2 
2 6 8 4 5 7 3 9 1 

Board 392:
5 4 8 6 9 1 7 3 2 
7 1 2 3 8 4 5 6 9 
9 3 6 5 7 2 1 4 8 
4 7 5 8 6 9 3 2 1 
3 2 9 1 4 5 8 7 6 
8 6 1 7 2 3 9 5 4 
2 8 3 4 1 7 6 9 5 
1 9 7 2 5 6 4 8 3 
6 5 4 9 3 8 2 1 7 

Board 393:
1 9 4 6 5 7 8 3 2 
6 3 7 9 2 8 5 1 4 
5 8 2 3 1 4 6 9 7 
7 1 9 8 4 6 2 5 3 
3 4 6 2 7 5 1 8 9 
8 2 5 1 9 3 4 7 6 
2 6 3 7 8 1 9 4 5 
4 7 8 5 6 9 3 2 1 
9 5 1 4 3 2 7 6 8 

Board 394:
4 1 8 9 6 7 2 3 5 
6 3 9 4 5 2 7 8 1 
2 7 5 8 1 3 4 9 6 
1 2 4 7 8 5 9 6 3 
5 6 3 2 4 9 8 1 7 
8 9 7 6 3 1 5 2 4 
9 4 1 5 2 6 3 7 8 
3 8 2 1 7 4 6 5 9 
7 5 6 3 9 8 1 4 2 

Board 395:
1 6 4 5 8 3 2 7 9 
8 2 7 9 1 4 5 3 6 
3 5 9 6 7 2 4 1 8 
2 4 3 1 5 8 9 6 7 
9 7 8 4 2 6 1 5 3 
5 1 6 3 9 7 8 4 2 
7 8 5 2 6 1 3 9 4 
6 3 1 8 4 9 7 2 5 
4 9 2 7 3 5 6 8 1 

Board 396:
5 4 9 1 3 7 8 6 2 
6 8 7 4 9 2 3 5 1 
3 1 2 6 8 5 7 9 4 
9 5 1 7 2 6 4 8 3 
2 3 4 9 5 8 6 1 7 
8 7 6 3 4 1 9 2 5 
1 6 5 8 7 4 2 3 9 
4 9 8 2 1 3 5 7 6 
7 2 3 5 6 9 1 4 8 

Board 397:
6 1 5 9 8 7 3 4 2 
9 2 4 6 3 1 8 7 5 
3 7 8 4 5 2 6 9 1 
2 6 7 3 9 5 4 1 8 
8 9 1 7 2 4 5 6 3 
5 4 3 8 1 6 7 2 9 
1 5 6 2 4 8 9 3 7 
4 8 9 1 7 3 2 5 6 
7 3 2 5 6 9 1 8 4 

Board 398:
7 6 4 2 9 1 8 5 3 
9 8 5 6 7 3 4 2 1 
3 2 1 8 4 5 6 7 9 
5 3 8 9 1 2 7 4 6 
1 7 2 5 6 4 3 9 8 
4 9 6 3 8 7 2 1 5 
8 5 3 7 2 9 1 6 4 
6 4 7 1 5 8 9 3 2 
2 1 9 4 3 6 5 8 7 

Board 399:
3 7 9 1 2 5 4 6 8 
1 4 5 9 6 8 2 3 7 
8 6 2 3 4 7 9 1 5 
7 8 4 5 3 9 1 2 6 
2 3 6 4 7 1 5 8 9 
5 9 1 6 8 2 3 7 4 
6 1 3 8 9 4 7 5 2 
9 5 7 2 1 6 8 4 3 
4 2 8 7 5 3 6 9 1 

Board 400:
5 6 3 9 1 7 8 2 4 
7 9 1 2 4 8 3 5 6 
2 4 8 6 5 3 7 9 1 
9 1 6 4 3 5 2 8 7 
3 5 4 7 8 2 1 6 9 
8 2 7 1 6 9 4 3 5 
6 8 5 3 7 4 9 1 2 
1 7 2 8 9 6 5 4 3 
4 3 9 5 2 1 6 7 8 

Board 401:
8 4 3 2 7 6 9 1 5 
5 9 7 1 8 3 2 4 6 
2 1 6 5 9 4 7 8 3 
4 5 1 8 3 7 6 2 9 
7 2 8 9 6 5 1 3 4 
6 3 9 4 2 1 5 7 8 
1 8 4 7 5 9 3 6 2 
3 7 5 6 4 2 8 9 1 
9 6 2 3 1 8 4 5 7 

Board 402:
6 3 5 1 2 4 9 7 8 
2 4 1 8 9 7 3 6 5 
8 7 9 3 5 6 1 4 2 
5 6 2 7 1 8 4 9 3 
9 8 4 2 6 3 5 1 7 
3 1 7 5 4 9 2 8 6 
4 9 8 6 3 2 7 5 1 
7 5 3 9 8 1 6 2 4 
1 2 6 4 7 5 8 3 9 

Board 403:
6 4 9 7 8 3 5 1 2 
3 5 8 2 6 1 9 4 7 
2 1 7 5 9 4 6 3 8 
5 9 1 8 4 6 7 2 3 
8 6 2 3 5 7 1 9 4 
7 3 4 9 1 2 8 5 6 
1 8 3 4 7 9 2 6 5 
4 7 6 1 2 5 3 8 9 
9 2 5 6 3 8 4 7 1 

Board 404:
4 7 2 9 8 6 1 5 3 
5 1 3 4 2 7 8 6 9 
8 9 6 3 1 5 2 4 7 
7 4 1 5 3 2 9 8 6 
2 5 9 6 4 8 7 3 1 
3 6 8 7 9 1 5 2 4 
6 2 7 1 5 4 3 9 8 
1 3 5 8 6 9 4 7 2 
9 8 4 2 7 3 6 1 5 

Board 405:
4 7 2 5 8 1 9 6 3 
1 9 8 2 3 6 7 5 4 
3 6 5 7 9 4 2 8 1 
5 4 1 6 2 9 3 7 8 
7 2 6 3 1 8 5 4 9 
9 8 3 4 5 7 1 2 6 
8 5 4 1 7 3 6 9 2 
2 1 9 8 6 5 4 3 7 
6 3 7 9 4 2 8 1 5 

Board 406:
8 6 3 2 7 4 5 1 9 
1 5 9 3 8 6 7 4 2 
4 7 2 1 9 5 3 6 8 
7 8 4 5 2 1 6 9 3 
3 2 6 9 4 8 1 5 7 
9 1 5 7 6 3 8 2 4 
2 4 1 8 5 7 9 3 6 
5 9 7 6 3 2 4 8 1 
6 3 8 4 1 9 2 7 5 

Board 407:
6 4 7 5 9 1 8 2 3 
5 1 9 3 2 8 6 7 4 
3 2 8 4 7 6 9 5 1 
1 5 2 9 4 3 7 8 6 
4 8 6 1 5 7 3 9 2 
7 9 3 8 6 2 4 1 5 
8 3 4 7 1 5 2 6 9 
2 7 5 6 3 9 1 4 8 
9 6 1 2 8 4 5 3 7 

Board 408:
6 7 4 8 2 3 1 5 9 
8 3 5 1 4 9 2 7 6 
2 9 1 7 6 5 4 8 3 
3 4 6 2 5 8 9 1 7 
1 8 2 4 9 7 6 3 5 
9 5 7 6 3 1 8 4 2 
7 6 8 5 1 2 3 9 4 
4 1 9 3 7 6 5 2 8 
5 2 3 9 8 4 7 6 1 

Board 409:
5 4 3 2 1 9 7 6 8 
2 6 9 7 3 8 1 5 4 
7 8 1 6 5 4 9 2 3 
3 9 5 4 2 6 8 1 7 
1 2 8 5 9 7 3 4 6 
4 7 6 1 8 3 5 9 2 
9 1 7 8 6 2 4 3 5 
8 5 2 3 4 1 6 7 9 
6 3 4 9 7 5 2 8 1 

Board 410:
2 8 1 4 3 6 5 9 7 
4 5 6 2 9 7 8 3 1 
9 3 7 8 1 5 6 2 4 
7 1 9 6 5 2 4 8 3 
6 4 5 9 8 3 7 1 2 
8 2 3 7 4 1 9 5 6 
3 6 2 5 7 9 1 4 8 
1 9 8 3 6 4 2 7 5 
5 7 4 1 2 8 3 6 9 

Board 411:
5 8 4 6 3 1 9 2 7 
7 1 9 8 4 2 5 6 3 
3 2 6 9 5 7 8 4 1 
6 5 8 2 7 4 1 3 9 
1 7 3 5 9 6 2 8 4 
9 4 2 1 8 3 6 7 5 
4 9 5 7 6 8 3 1 2 
2 6 7 3 1 5 4 9 8 
8 3 1 4 2 9 7 5 6 

Board 412:
3 7 1 6 9 2 4 8 5 
4 6 8 7 5 1 2 3 9 
9 2 5 8 4 3 1 6 7 
8 9 6 1 7 4 3 5 2 
7 5 4 3 2 9 6 1 8 
1 3 2 5 6 8 7 9 4 
6 4 9 2 1 5 8 7 3 
5 8 7 4 3 6 9 2 1 
2 1 3 9 8 7 5 4 6 

Board 413:
8 5 3 2 6 1 9 4 7 
9 7 4 5 3 8 1 6 2 
1 6 2 4 9 7 5 8 3 
6 8 5 3 1 2 4 7 9 
4 1 7 6 5 9 2 3 8 
2 3 9 7 8 4 6 5 1 
7 9 6 8 2 5 3 1 4 
5 4 1 9 7 3 8 2 6 
3 2 8 1 4 6 7 9 5 

Board 414:
7 8 1 3 2 5 9 4 6 
3 6 2 7 4 9 5 8 1 
5 4 9 8 1 6 3 7 2 
9 3 7 2 8 4 1 6 5 
4 1 5 9 6 3 8 2 7 
8 2 6 5 7 1 4 3 9 
6 5 3 4 9 2 7 1 8 
1 7 4 6 5 8 2 9 3 
2 9 8 1 3 7 6 5 4 

Board 415:
6 3 8 4 5 1 9 2 7 
1 9 2 8 3 7 6 5 4 
5 4 7 9 2 6 8 3 1 
3 5 4 7 8 9 1 6 2 
2 7 9 1 6 5 3 4 8 
8 6 1 2 4 3 5 7 9 
9 1 6 5 7 4 2 8 3 
7 8 5 3 1 2 4 9 6 
4 2 3 6 9 8 7 1 5 

Board 416:
3 2 5 9 7 4 8 6 1 
9 1 7 6 8 2 3 4 5 
8 6 4 1 5 3 7 9 2 
1 4 6 3 2 5 9 7 8 
2 5 9 7 6 8 1 3 4 
7 8 3 4 1 9 5 2 6 
5 3 2 8 4 7 6 1 9 
6 9 8 2 3 1 4 5 7 
4 7 1 5 9 6 2 8 3 

Board 417:
5 2 4 7 3 9 1 6 8 
1 6 3 4 2 8 5 9 7 
7 8 9 5 1 6 3 2 4 
9 3 8 6 4 1 2 7 5 
4 1 7 2 5 3 9 8 6 
6 5 2 8 9 7 4 1 3 
3 7 5 1 8 2 6 4 9 
2 9 6 3 7 4 8 5 1 
8 4 1 9 6 5 7 3 2 

Board 418:
9 8 4 3 1 2 6 7 5 
7 6 1 9 8 5 4 2 3 
3 2 5 4 7 6 9 1 8 
6 5 8 7 3 1 2 4 9 
4 1 7 8 2 9 3 5 6 
2 9 3 5 6 4 1 8 7 
1 3 2 6 5 8 7 9 4 
5 4 6 2 9 7 8 3 1 
8 7 9 1 4 3 5 6 2 

Board 419:
2 6 3 9 1 4 7 8 5 
1 4 8 5 6 7 9 3 2 
5 7 9 3 2 8 1 4 6 
8 1 2 6 4 3 5 7 9 
7 5 4 8 9 2 3 6 1 
9 3 6 1 7 5 8 2 4 
6 8 1 2 3 9 4 5 7 
3 2 7 4 5 1 6 9 8 
4 9 5 7 8 6 2 1 3 

Board 420:
4 9 5 1 8 3 2 6 7 
6 8 1 7 5 2 4 3 9 
3 7 2 9 6 4 5 8 1 
1 4 9 8 3 7 6 5 2 
5 2 6 4 1 9 8 7 3 
8 3 7 5 2 6 1 9 4 
9 5 8 2 7 1 3 4 6 
2 6 4 3 9 5 7 1 8 
7 1 3 6 4 8 9 2 5 

Board 421:
2 3 9 7 1 8 4 6 5 
4 5 6 2 3 9 7 8 1 
8 7 1 6 4 5 3 9 2 
9 1 4 8 2 6 5 3 7 
3 6 7 1 5 4 9 2 8 
5 8 2 9 7 3 1 4 6 
1 4 5 3 6 2 8 7 9 
7 2 8 4 9 1 6 5 3 
6 9 3 5 8 7 2 1 4 

Board 422:
4 6 1 2 3 7 9 5 8 
3 9 7 4 8 5 2 1 6 
8 2 5 1 6 9 7 4 3 
9 5 2 6 7 8 4 3 1 
7 1 4 5 2 3 6 8 9 
6 3 8 9 4 1 5 2 7 
1 8 9 7 5 2 3 6 4 
2 7 6 3 1 4 8 9 5 
5 4 3 8 9 6 1 7 2 

Board 423:
8 1 2 3 9 5 4 7 6 
6 4 5 8 7 2 9 1 3 
3 9 7 4 6 1 2 8 5 
2 6 9 5 3 8 1 4 7 
4 3 1 6 2 7 5 9 8 
7 5 8 9 1 4 6 3 2 
5 2 3 1 8 9 7 6 4 
9 7 6 2 4 3 8 5 1 
1 8 4 7 5 6 3 2 9 

Board 424:
9 1 7 2 6 4 5 3 8 
5 3 6 7 1 8 9 2 4 
2 8 4 5 9 3 7 1 6 
1 9 8 3 7 2 4 6 5 
4 5 3 6 8 1 2 9 7 
7 6 2 4 5 9 1 8 3 
6 2 5 9 3 7 8 4 1 
3 4 1 8 2 5 6 7 9 
8 7 9 1 4 6 3 5 2 

Board 425:
8 2 7 1 4 3 9 6 5 
5 6 1 7 9 2 4 3 8 
9 4 3 6 8 5 2 7 1 
7 3 8 4 5 1 6 2 9 
1 5 2 9 3 6 8 4 7 
6 9 4 8 2 7 1 5 3 
3 1 5 2 6 8 7 9 4 
4 8 6 5 7 9 3 1 2 
2 7 9 3 1 4 5 8 6 

Board 426:
6 5 1 2 8 3 4 7 9 
2 9 4 7 6 1 5 8 3 
3 7 8 5 4 9 2 1 6 
5 3 2 9 7 6 1 4 8 
4 8 6 1 2 5 9 3 7 
7 1 9 8 3 4 6 5 2 
8 4 7 6 1 2 3 9 5 
1 6 5 3 9 7 8 2 4 
9 2 3 4 5 8 7 6 1 

Board 427:
9 1 5 7 8 4 3 2 6 
2 3 6 1 5 9 8 7 4 
8 4 7 6 3 2 9 1 5 
1 8 2 5 6 7 4 9 3 
3 5 4 9 1 8 2 6 7 
6 7 9 4 2 3 5 8 1 
7 9 1 8 4 5 6 3 2 
4 6 3 2 9 1 7 5 8 
5 2 8 3 7 6 1 4 9 

Board 428:
2 7 4 5 8 1 6 3 9 
6 1 9 7 4 3 8 5 2 
5 3 8 9 6 2 1 4 7 
3 5 2 8 9 4 7 6 1 
8 6 1 3 2 7 4 9 5 
9 4 7 1 5 6 3 2 8 
4 2 5 6 7 8 9 1 3 
7 9 3 4 1 5 2 8 6 
1 8 6 2 3 9 5 7 4 

Board 429:
3 4 9 8 1 2 6 5 7 
6 1 5 9 4 7 3 2 8 
7 8 2 6 5 3 1 9 4 
8 7 4 2 9 1 5 6 3 
2 3 6 5 8 4 7 1 9 
9 5 1 7 3 6 4 8 2 
1 6 3 4 2 8 9 7 5 
4 9 8 1 7 5 2 3 6 
5 2 7 3 6 9 8 4 1 

Board 430:
3 8 2 4 6 9 5 1 7 
5 1 9 2 7 3 6 4 8 
4 7 6 8 1 5 2 3 9 
9 2 3 1 4 8 7 6 5 
7 6 1 5 3 2 8 9 4 
8 4 5 7 9 6 1 2 3 
2 5 4 9 8 1 3 7 6 
6 9 8 3 2 7 4 5 1 
1 3 7 6 5 4 9 8 2 

Board 431:
3 2 9 5 6 8 7 4 1 
1 4 8 2 9 7 5 3 6 
7 5 6 4 3 1 9 8 2 
2 6 1 3 5 4 8 9 7 
9 3 7 8 2 6 1 5 4 
4 8 5 1 7 9 2 6 3 
8 7 4 6 1 5 3 2 9 
6 9 2 7 8 3 4 1 5 
5 1 3 9 4 2 6 7 8 

Board 432:
7 3 1 8 9 2 4 6 5 
8 9 4 6 3 5 7 1 2 
6 5 2 4 7 1 8 9 3 
1 4 8 5 6 3 2 7 9 
9 6 7 2 4 8 5 3 1 
3 2 5 9 1 7 6 8 4 
5 8 9 3 2 6 1 4 7 
4 7 6 1 5 9 3 2 8 
2 1 3 7 8 4 9 5 6 

Board 433:
9 2 5 1 6 8 3 7 4 
7 6 3 9 2 4 5 1 8 
4 1 8 5 3 7 2 9 6 
2 9 6 3 1 5 4 8 7 
8 7 1 2 4 9 6 5 3 
3 5 4 7 8 6 9 2 1 
1 4 2 8 9 3 7 6 5 
6 8 7 4 5 2 1 3 9 
5 3 9 6 7 1 8 4 2 

Board 434:
7 3 6 4 1 9 5 2 8 
8 4 2 3 6 5 7 9 1 
1 9 5 8 2 7 3 6 4 
5 1 9 2 4 3 8 7 6 
4 2 8 7 9 6 1 3 5 
3 6 7 1 5 8 9 4 2 
6 8 1 9 3 4 2 5 7 
9 7 4 5 8 2 6 1 3 
2 5 3 6 7 1 4 8 9 

Board 435:
1 7 4 8 3 6 2 9 5 
5 6 3 2 7 9 4 8 1 
8 9 2 4 5 1 6 7 3 
2 3 7 1 4 5 9 6 8 
9 5 1 7 6 8 3 4 2 
4 8 6 9 2 3 1 5 7 
7 2 8 3 9 4 5 1 6 
3 4 5 6 1 7 8 2 9 
6 1 9 5 8 2 7 3 4 

Board 436:
7 1 4 9 3 8 5 2 6 
5 8 2 7 6 1 4 3 9 
3 6 9 2 4 5 8 7 1 
2 4 3 6 5 7 1 9 8 
1 5 7 3 8 9 6 4 2 
6 9 8 1 2 4 3 5 7 
4 7 5 8 1 2 9 6 3 
9 3 1 5 7 6 2 8 4 
8 2 6 4 9 3 7 1 5 

Board 437:
5 9 1 6 4 2 8 7 3 
6 3 4 5 8 7 2 9 1 
7 8 2 3 9 1 5 6 4 
8 2 6 7 5 3 4 1 9 
3 5 9 8 1 4 7 2 6 
1 4 7 2 6 9 3 8 5 
4 6 8 1 7 5 9 3 2 
2 7 5 9 3 6 1 4 8 
9 1 3 4 2 8 6 5 7 

Board 438:
4 7 2 8 3 9 6 5 1 
5 3 8 4 6 1 2 7 9 
6 1 9 5 7 2 3 8 4 
9 8 6 1 2 4 5 3 7 
2 5 1 3 8 7 4 9 6 
3 4 7 9 5 6 8 1 2 
8 9 4 6 1 5 7 2 3 
1 2 5 7 4 3 9 6 8 
7 6 3 2 9 8 1 4 5 

Board 439:
9 7 5 4 6 3 1 2 8 
8 6 3 2 5 1 9 4 7 
4 2 1 8 9 7 5 3 6 
6 4 2 9 7 5 8 1 3 
5 9 7 1 3 8 4 6 2 
3 1 8 6 2 4 7 9 5 
1 8 6 7 4 2 3 5 9 
7 3 9 5 1 6 2 8 4 
2 5 4 3 8 9 6 7 1 

Board 440:
4 3 1 2 5 6 8 9 7 
2 6 9 4 7 8 3 5 1 
7 5 8 3 1 9 6 4 2 
8 4 2 6 9 3 7 1 5 
3 7 5 8 2 1 9 6 4 
1 9 6 7 4 5 2 3 8 
6 2 3 1 8 4 5 7 9 
9 8 4 5 6 7 1 2 3 
5 1 7 9 3 2 4 8 6 

Board 441:
7 3 6 2 9 4 1 5 8 
4 1 2 7 8 5 6 9 3 
5 8 9 3 1 6 7 2 4 
3 6 8 9 7 2 4 1 5 
2 9 4 6 5 1 8 3 7 
1 5 7 8 4 3 2 6 9 
9 7 1 5 2 8 3 4 6 
8 2 3 4 6 9 5 7 1 
6 4 5 1 3 7 9 8 2 

Board 442:
9 8 7 1 3 4 6 5 2 
6 1 2 7 5 9 3 4 8 
5 4 3 8 2 6 1 7 9 
1 9 4 5 7 8 2 6 3 
2 3 8 4 6 1 5 9 7 
7 5 6 2 9 3 8 1 4 
4 6 1 3 8 7 9 2 5 
8 2 9 6 4 5 7 3 1 
3 7 5 9 1 2 4 8 6 

Board 443:
3 2 1 6 9 5 8 7 4 
9 5 6 4 7 8 1 2 3 
4 8 7 2 1 3 5 6 9 
7 3 4 1 5 6 2 9 8 
6 9 5 3 8 2 7 4 1 
2 1 8 9 4 7 3 5 6 
1 7 2 8 6 9 4 3 5 
8 6 3 5 2 4 9 1 7 
5 4 9 7 3 1 6 8 2 

Board 444:
6 3 4 9 1 8 7 5 2 
9 5 8 7 2 6 3 1 4 
2 1 7 4 3 5 9 6 8 
5 6 9 1 4 7 2 8 3 
4 8 1 3 5 2 6 9 7 
7 2 3 8 6 9 5 4 1 
1 7 2 6 9 4 8 3 5 
3 9 5 2 8 1 4 7 6 
8 4 6 5 7 3 1 2 9 

Board 445:
9 1 4 3 6 5 2 7 8 
6 3 5 8 2 7 1 9 4 
7 8 2 1 9 4 3 6 5 
3 9 1 5 4 2 7 8 6 
8 4 6 9 7 3 5 2 1 
5 2 7 6 8 1 4 3 9 
1 5 8 7 3 9 6 4 2 
2 7 9 4 5 6 8 1 3 
4 6 3 2 1 8 9 5 7 

Board 446:
6 9 1 4 2 5 3 8 7 
8 5 2 1 3 7 4 9 6 
3 7 4 6 8 9 5 1 2 
5 1 7 8 4 3 2 6 9 
4 2 3 7 9 6 8 5 1 
9 8 6 5 1 2 7 4 3 
7 6 8 2 5 1 9 3 4 
1 4 9 3 7 8 6 2 5 
2 3 5 9 6 4 1 7 8 

Board 447:
7 8 3 9 1 2 4 5 6 
4 2 1 7 6 5 8 9 3 
5 9 6 4 8 3 7 1 2 
6 5 4 2 3 8 1 7 9 
1 7 2 5 9 4 6 3 8 
8 3 9 6 7 1 5 2 4 
3 6 5 1 4 9 2 8 7 
2 4 8 3 5 7 9 6 1 
9 1 7 8 2 6 3 4 5 

Board 448:
3 6 4 7 2 5 9 8 1 
8 1 7 6 4 9 3 5 2 
5 2 9 8 3 1 6 4 7 
1 9 8 5 6 3 7 2 4 
4 5 2 9 7 8 1 3 6 
7 3 6 4 1 2 8 9 5 
9 7 5 1 8 4 2 6 3 
6 4 3 2 9 7 5 1 8 
2 8 1 3 5 6 4 7 9 

Board 449:
6 9 3 5 8 2 7 4 1 
8 7 5 4 3 1 2 9 6 
4 2 1 9 7 6 8 5 3 
2 6 9 1 5 7 4 3 8 
3 5 8 6 4 9 1 7 2 
7 1 4 8 2 3 9 6 5 
1 4 2 3 9 5 6 8 7 
9 3 6 7 1 8 5 2 4 
5 8 7 2 6 4 3 1 9 

Board 450:
6 3 2 5 9 8 1 7 4 
5 4 9 1 3 7 2 6 8 
8 1 7 6 4 2 5 3 9 
9 8 5 7 6 3 4 1 2 
1 7 6 4 2 9 3 8 5 
3 2 4 8 1 5 6 9 7 
2 6 8 3 7 4 9 5 1 
4 5 1 9 8 6 7 2 3 
7 9 3 2 5 1 8 4 6 

Board 451:
4 7 9 6 3 8 1 2 5 
3 1 5 7 2 4 6 9 8 
2 8 6 9 5 1 4 7 3 
6 5 7 2 4 3 8 1 9 
8 4 3 5 1 9 2 6 7 
9 2 1 8 6 7 5 3 4 
5 9 8 1 7 6 3 4 2 
1 3 2 4 9 5 7 8 6 
7 6 4 3 8 2 9 5 1 

Board 452:
8 4 5 2 9 7 6 3 1 
7 2 1 3 5 6 8 4 9 
6 3 9 8 4 1 5 2 7 
5 1 3 9 8 2 4 7 6 
9 6 2 7 3 4 1 8 5 
4 8 7 6 1 5 3 9 2 
2 7 8 5 6 3 9 1 4 
1 9 6 4 7 8 2 5 3 
3 5 4 1 2 9 7 6 8 

Board 453:
8 3 6 9 2 4 1 7 5 
9 5 4 7 3 1 2 6 8 
2 1 7 6 8 5 9 4 3 
4 9 1 8 6 2 5 3 7 
3 7 8 5 1 9 6 2 4 
5 6 2 4 7 3 8 9 1 
7 8 9 3 5 6 4 1 2 
6 2 3 1 4 8 7 5 9 
1 4 5 2 9 7 3 8 6 

Board 454:
3 5 4 9 2 8 7 1 6 
1 6 9 7 3 4 2 5 8 
2 7 8 6 5 1 3 4 9 
7 3 2 8 1 5 6 9 4 
9 1 6 4 7 3 8 2 5 
4 8 5 2 6 9 1 7 3 
5 9 7 3 8 2 4 6 1 
8 2 1 5 4 6 9 3 7 
6 4 3 1 9 7 5 8 2 

Board 455:
5 4 2 6 9 3 7 1 8 
9 1 6 5 7 8 2 4 3 
8 7 3 4 2 1 5 9 6 
1 6 4 7 5 2 8 3 9 
7 9 5 8 3 4 1 6 2 
3 2 8 9 1 6 4 7 5 
2 3 9 1 4 5 6 8 7 
4 8 7 2 6 9 3 5 1 
6 5 1 3 8 7 9 2 4 

Board 456:
4 5 3 7 1 6 2 8 9 
1 7 2 3 9 8 4 6 5 
8 6 9 2 4 5 1 7 3 
5 9 8 4 7 2 3 1 6 
2 4 7 6 3 1 5 9 8 
6 3 1 8 5 9 7 4 2 
7 1 6 5 8 3 9 2 4 
9 8 5 1 2 4 6 3 7 
3 2 4 9 6 7 8 5 1 

Board 457:
7 3 5 2 9 8 1 4 6 
9 8 6 7 1 4 3 2 5 
2 1 4 6 5 3 8 7 9 
6 9 7 4 3 2 5 8 1 
4 5 8 9 6 1 7 3 2 
1 2 3 5 8 7 6 9 4 
8 4 1 3 2 5 9 6 7 
3 7 9 1 4 6 2 5 8 
5 6 2 8 7 9 4 1 3 

Board 458:
8 9 2 6 5 3 7 4 1 
6 5 4 1 8 7 9 3 2 
1 3 7 4 9 2 6 5 8 
2 6 9 7 4 5 1 8 3 
7 4 3 8 1 6 5 2 9 
5 1 8 2 3 9 4 7 6 
4 7 1 3 6 8 2 9 5 
9 8 6 5 2 4 3 1 7 
3 2 5 9 7 1 8 6 4 

Board 459:
2 6 9 1 7 4 5 3 8 
5 3 4 6 2 8 1 7 9 
7 1 8 3 5 9 2 6 4 
9 4 3 2 8 5 7 1 6 
6 5 7 4 3 1 9 8 2 
1 8 2 9 6 7 3 4 5 
3 2 5 8 1 6 4 9 7 
8 9 1 7 4 2 6 5 3 
4 7 6 5 9 3 8 2 1 

Board 460:
2 8 5 1 3 6 4 7 9 
4 3 6 9 2 7 5 8 1 
7 9 1 8 5 4 2 6 3 
1 6 4 5 9 2 7 3 8 
8 5 3 4 7 1 6 9 2 
9 2 7 6 8 3 1 5 4 
3 4 9 7 1 5 8 2 6 
5 1 8 2 6 9 3 4 7 
6 7 2 3 4 8 9 1 5 

Board 461:
3 9 8 7 1 5 2 4 6 
4 5 7 6 9 2 1 3 8 
1 2 6 3 8 4 5 7 9 
5 1 2 9 3 8 7 6 4 
7 6 3 5 4 1 8 9 2 
8 4 9 2 6 7 3 5 1 
2 8 5 4 7 6 9 1 3 
9 7 4 1 2 3 6 8 5 
6 3 1 8 5 9 4 2 7 

Board 462:
9 1 5 4 8 3 6 2 7 
3 8 2 7 6 5 4 9 1 
7 4 6 2 1 9 3 5 8 
2 5 4 6 9 8 7 1 3 
1 7 3 5 4 2 9 8 6 
6 9 8 3 7 1 5 4 2 
5 6 7 8 2 4 1 3 9 
8 3 9 1 5 7 2 6 4 
4 2 1 9 3 6 8 7 5 

Board 463:
2 5 9 6 1 8 4 3 7 
8 7 6 5 3 4 2 1 9 
3 1 4 2 9 7 6 5 8 
6 3 1 7 2 5 8 9 4 
4 8 7 3 6 9 1 2 5 
9 2 5 4 8 1 7 6 3 
1 6 8 9 7 3 5 4 2 
7 4 3 1 5 2 9 8 6 
5 9 2 8 4 6 3 7 1 

Board 464:
7 3 4 6 1 5 8 2 9 
1 2 9 7 4 8 5 3 6 
8 6 5 3 9 2 4 1 7 
2 1 7 5 6 3 9 4 8 
3 9 8 4 2 7 1 6 5 
5 4 6 9 8 1 3 7 2 
6 5 3 1 7 9 2 8 4 
9 7 2 8 3 4 6 5 1 
4 8 1 2 5 6 7 9 3 

Board 465:
7 1 4 3 9 8 6 5 2 
3 2 5 7 4 6 1 8 9 
8 9 6 2 5 1 4 7 3 
1 7 8 4 6 2 3 9 5 
6 4 2 9 3 5 7 1 8 
9 5 3 8 1 7 2 4 6 
5 8 1 6 7 3 9 2 4 
2 6 9 1 8 4 5 3 7 
4 3 7 5 2 9 8 6 1 

Board 466:
4 8 1 6 5 7 2 9 3 
9 3 7 1 8 2 5 4 6 
2 5 6 9 3 4 7 8 1 
6 7 9 4 2 3 1 5 8 
5 2 3 8 6 1 4 7 9 
1 4 8 7 9 5 6 3 2 
3 9 2 5 4 6 8 1 7 
8 1 5 2 7 9 3 6 4 
7 6 4 3 1 8 9 2 5 

Board 467:
1 7 8 6 3 2 4 9 5 
4 5 3 1 7 9 6 2 8 
9 2 6 5 8 4 7 1 3 
2 8 9 4 1 5 3 7 6 
7 1 5 2 6 3 8 4 9 
3 6 4 8 9 7 1 5 2 
5 4 7 3 2 6 9 8 1 
6 9 1 7 5 8 2 3 4 
8 3 2 9 4 1 5 6 7 

Board 468:
7 8 1 2 4 6 9 5 3 
3 9 4 7 1 5 2 8 6 
5 2 6 8 3 9 4 1 7 
9 1 3 5 2 4 6 7 8 
6 7 8 3 9 1 5 2 4 
4 5 2 6 7 8 1 3 9 
2 6 9 1 8 3 7 4 5 
8 4 7 9 5 2 3 6 1 
1 3 5 4 6 7 8 9 2 

Board 469:
5 8 3 7 9 4 1 6 2 
4 9 6 2 1 3 8 5 7 
7 1 2 5 6 8 9 3 4 
3 4 9 6 2 1 5 7 8 
2 5 8 3 4 7 6 1 9 
6 7 1 9 8 5 4 2 3 
1 2 5 4 7 9 3 8 6 
9 3 7 8 5 6 2 4 1 
8 6 4 1 3 2 7 9 5 

Board 470:
9 2 6 1 3 8 7 4 5 
3 4 1 9 7 5 2 8 6 
8 7 5 6 2 4 9 1 3 
6 5 4 8 1 2 3 9 7 
7 9 2 5 4 3 1 6 8 
1 3 8 7 6 9 5 2 4 
4 8 7 2 5 1 6 3 9 
2 6 3 4 9 7 8 5 1 
5 1 9 3 8 6 4 7 2 

Board 471:
1 4 5 3 7 6 2 9 8 
8 2 7 5 1 9 3 4 6 
9 3 6 2 8 4 5 7 1 
4 1 9 8 5 7 6 3 2 
3 5 8 6 9 2 4 1 7 
6 7 2 4 3 1 8 5 9 
7 6 3 9 4 8 1 2 5 
2 9 4 1 6 5 7 8 3 
5 8 1 7 2 3 9 6 4 

Board 472:
8 1 4 2 7 6 3 9 5 
2 6 9 8 3 5 1 4 7 
5 7 3 4 1 9 6 8 2 
1 9 6 3 4 2 5 7 8 
3 4 2 7 5 8 9 1 6 
7 5 8 9 6 1 2 3 4 
9 8 1 5 2 4 7 6 3 
4 3 5 6 9 7 8 2 1 
6 2 7 1 8 3 4 5 9 

Board 473:
4 5 3 8 1 2 6 9 7 
8 2 6 7 9 3 1 4 5 
9 7 1 5 4 6 8 2 3 
7 8 4 1 3 9 2 5 6 
1 9 5 2 6 8 7 3 4 
3 6 2 4 5 7 9 8 1 
6 3 8 9 7 5 4 1 2 
5 4 9 6 2 1 3 7 8 
2 1 7 3 8 4 5 6 9 

Board 474:
3 8 4 2 6 7 1 9 5 
7 9 1 3 5 8 6 4 2 
5 2 6 1 4 9 7 8 3 
1 3 2 4 7 6 8 5 9 
8 4 9 5 1 2 3 7 6 
6 5 7 8 9 3 2 1 4 
9 6 5 7 2 1 4 3 8 
2 1 8 9 3 4 5 6 7 
4 7 3 6 8 5 9 2 1 

Board 475:
4 8 7 3 2 9 1 5 6 
6 5 3 4 1 7 9 8 2 
1 9 2 8 6 5 4 7 3 
9 4 6 7 5 1 3 2 8 
2 1 5 6 8 3 7 4 9 
3 7 8 9 4 2 5 6 1 
7 2 9 5 3 8 6 1 4 
5 6 1 2 9 4 8 3 7 
8 3 4 1 7 6 2 9 5 

Board 476:
9 2 3 7 5 1 4 8 6 
7 1 8 9 6 4 5 2 3 
4 5 6 2 3 8 1 9 7 
1 3 2 5 4 9 7 6 8 
5 4 7 3 8 6 9 1 2 
6 8 9 1 2 7 3 5 4 
8 7 1 6 9 3 2 4 5 
2 9 4 8 7 5 6 3 1 
3 6 5 4 1 2 8 7 9 

Board 477:
1 3 2 6 9 4 5 8 7 
7 5 9 8 1 3 4 6 2 
4 8 6 5 7 2 3 9 1 
9 1 7 2 8 5 6 4 3 
5 4 3 9 6 7 2 1 8 
6 2 8 3 4 1 7 5 9 
8 7 1 4 2 6 9 3 5 
2 6 5 1 3 9 8 7 4 
3 9 4 7 5 8 1 2 6 

Board 478:
6 7 8 4 2 3 5 9 1 
2 4 9 7 5 1 6 3 8 
1 3 5 9 6 8 4 7 2 
3 8 2 6 7 9 1 4 5 
9 6 1 5 8 4 7 2 3 
7 5 4 1 3 2 9 8 6 
8 9 7 2 1 5 3 6 4 
5 2 6 3 4 7 8 1 9 
4 1 3 8 9 6 2 5 7 

Board 479:
3 4 8 9 7 2 1 5 6 
6 7 5 4 1 3 9 8 2 
9 1 2 8 6 5 4 7 3 
8 2 1 3 5 9 6 4 7 
5 3 9 7 4 6 8 2 1 
7 6 4 1 2 8 5 3 9 
4 8 3 2 9 1 7 6 5 
2 9 6 5 8 7 3 1 4 
1 5 7 6 3 4 2 9 8 

Board 480:
8 3 9 5 2 4 1 7 6 
6 2 4 1 9 7 8 5 3 
7 5 1 8 3 6 2 9 4 
3 4 6 9 8 2 7 1 5 
1 7 8 6 4 5 9 3 2 
5 9 2 3 7 1 6 4 8 
9 6 5 2 1 3 4 8 7 
4 8 3 7 6 9 5 2 1 
2 1 7 4 5 8 3 6 9 

Board 481:
3 1 7 5 4 9 2 6 8 
5 4 2 6 1 8 9 3 7 
6 9 8 7 2 3 1 5 4 
4 5 3 1 6 7 8 9 2 
2 7 9 3 8 5 4 1 6 
1 8 6 2 9 4 5 7 3 
7 6 4 9 5 2 3 8 1 
9 2 1 8 3 6 7 4 5 
8 3 5 4 7 1 6 2 9 

Board 482:
4 8 7 5 9 6 2 3 1 
5 3 6 4 2 1 8 7 9 
2 9 1 3 8 7 4 6 5 
8 2 4 1 6 5 7 9 3 
9 6 3 8 7 4 5 1 2 
7 1 5 9 3 2 6 4 8 
1 4 8 7 5 3 9 2 6 
3 5 2 6 4 9 1 8 7 
6 7 9 2 1 8 3 5 4 

Board 483:
2 5 4 3 8 1 6 7 9 
6 3 1 9 5 7 4 2 8 
7 9 8 4 6 2 1 3 5 
1 6 5 2 4 9 7 8 3 
9 8 2 7 3 6 5 4 1 
3 4 7 5 1 8 9 6 2 
5 1 3 6 2 4 8 9 7 
8 7 6 1 9 3 2 5 4 
4 2 9 8 7 5 3 1 6 

Board 484:
1 8 4 2 5 7 6 3 9 
9 2 6 1 3 8 5 4 7 
5 3 7 4 9 6 2 8 1 
3 1 5 6 2 4 7 9 8 
7 9 8 3 1 5 4 2 6 
4 6 2 8 7 9 1 5 3 
8 4 9 5 6 1 3 7 2 
6 7 3 9 4 2 8 1 5 
2 5 1 7 8 3 9 6 4 

Board 485:
9 4 2 3 6 8 7 1 5 
1 5 3 7 9 2 4 8 6 
7 6 8 5 1 4 2 3 9 
6 7 5 2 8 9 3 4 1 
3 8 4 1 5 6 9 7 2 
2 1 9 4 7 3 6 5 8 
8 3 6 9 4 5 1 2 7 
5 2 7 6 3 1 8 9 4 
4 9 1 8 2 7 5 6 3 

Board 486:
9 3 6 2 1 8 4 5 7 
4 2 8 9 7 5 3 6 1 
7 1 5 4 6 3 2 8 9 
5 4 7 8 2 9 1 3 6 
2 9 1 5 3 6 7 4 8 
6 8 3 7 4 1 5 9 2 
3 6 4 1 9 7 8 2 5 
8 7 2 6 5 4 9 1 3 
1 5 9 3 8 2 6 7 4 

Board 487:
2 3 8 9 6 5 1 7 4 
7 6 4 1 2 3 5 8 9 
1 5 9 8 4 7 6 3 2 
8 7 1 3 5 4 2 9 6 
5 9 6 7 1 2 3 4 8 
4 2 3 6 8 9 7 5 1 
3 1 5 4 9 6 8 2 7 
9 8 2 5 7 1 4 6 3 
6 4 7 2 3 8 9 1 5 

Board 488:
9 7 5 4 6 1 2 3 8 
6 8 1 2 3 9 5 7 4 
2 3 4 7 5 8 1 6 9 
4 1 2 3 7 5 8 9 6 
8 6 7 1 9 2 4 5 3 
5 9 3 6 8 4 7 1 2 
3 5 8 9 4 7 6 2 1 
7 2 9 8 1 6 3 4 5 
1 4 6 5 2 3 9 8 7 

Board 489:
6 2 7 5 3 1 9 8 4 
1 8 9 6 4 7 3 5 2 
4 3 5 8 2 9 7 6 1 
8 9 1 4 5 6 2 3 7 
2 6 3 7 1 8 4 9 5 
5 7 4 3 9 2 6 1 8 
3 5 8 2 6 4 1 7 9 
7 1 2 9 8 3 5 4 6 
9 4 6 1 7 5 8 2 3 

Board 490:
6 1 9 2 8 5 7 4 3 
2 8 3 7 1 4 6 5 9 
5 7 4 6 9 3 8 1 2 
8 2 6 3 4 1 9 7 5 
9 3 5 8 6 7 1 2 4 
1 4 7 5 2 9 3 6 8 
7 9 1 4 3 2 5 8 6 
4 5 8 9 7 6 2 3 1 
3 6 2 1 5 8 4 9 7 

Board 491:
6 2 3 4 7 1 8 9 5 
4 7 8 3 5 9 6 2 1 
1 9 5 2 8 6 3 4 7 
8 6 9 1 4 5 7 3 2 
7 5 2 8 9 3 4 1 6 
3 4 1 6 2 7 5 8 9 
2 3 6 7 1 8 9 5 4 
5 1 7 9 3 4 2 6 8 
9 8 4 5 6 2 1 7 3 

Board 492:
8 9 2 7 6 5 4 1 3 
1 5 4 9 3 8 6 2 7 
6 3 7 4 2 1 8 9 5 
2 1 5 3 4 6 9 7 8 
4 8 3 5 7 9 1 6 2 
7 6 9 1 8 2 5 3 4 
9 7 8 6 5 3 2 4 1 
5 4 1 2 9 7 3 8 6 
3 2 6 8 1 4 7 5 9 

Board 493:
4 7 1 3 2 8 5 9 6 
6 5 9 7 4 1 8 2 3 
8 3 2 6 9 5 7 4 1 
7 4 6 1 3 2 9 5 8 
3 2 8 9 5 4 6 1 7 
1 9 5 8 6 7 4 3 2 
2 6 3 5 7 9 1 8 4 
5 1 4 2 8 6 3 7 9 
9 8 7 4 1 3 2 6 5 

Board 494:
7 9 6 2 4 1 5 8 3 
5 4 2 6 8 3 1 9 7 
3 8 1 9 5 7 2 6 4 
1 3 8 5 7 9 6 4 2 
2 6 4 1 3 8 7 5 9 
9 5 7 4 2 6 3 1 8 
8 1 9 7 6 2 4 3 5 
4 2 3 8 1 5 9 7 6 
6 7 5 3 9 4 8 2 1 

Board 495:
4 8 6 7 3 5 9 1 2 
2 3 9 4 6 1 7 8 5 
5 1 7 9 8 2 6 4 3 
6 2 5 3 1 8 4 7 9 
7 4 8 6 5 9 2 3 1 
3 9 1 2 7 4 5 6 8 
8 6 2 5 4 3 1 9 7 
9 7 3 1 2 6 8 5 4 
1 5 4 8 9 7 3 2 6 

Board 496:
6 4 2 7 9 5 1 8 3 
5 1 9 6 3 8 4 2 7 
8 7 3 2 4 1 5 9 6 
3 8 4 9 1 6 2 7 5 
7 6 5 8 2 4 9 3 1 
9 2 1 5 7 3 6 4 8 
4 5 6 3 8 2 7 1 9 
1 9 8 4 6 7 3 5 2 
2 3 7 1 5 9 8 6 4 

Board 497:
2 4 1 8 7 5 9 6 3 
9 3 5 4 6 2 7 1 8 
8 7 6 9 3 1 5 2 4 
6 9 4 1 2 8 3 5 7 
5 1 8 3 4 7 6 9 2 
7 2 3 6 5 9 4 8 1 
3 6 9 2 8 4 1 7 5 
4 8 7 5 1 6 2 3 9 
1 5 2 7 9 3 8 4 6 

Board 498:
8 9 3 6 5 4 1 2 7 
4 7 5 8 2 1 3 6 9 
6 1 2 9 7 3 8 4 5 
2 3 7 4 1 9 5 8 6 
9 6 1 7 8 5 4 3 2 
5 4 8 3 6 2 9 7 1 
3 5 4 2 9 6 7 1 8 
1 8 6 5 4 7 2 9 3 
7 2 9 1 3 8 6 5 4 

Board 499:
1 2 4 9 8 5 6 7 3 
7 5 3 6 1 2 8 4 9 
8 9 6 3 4 7 5 2 1 
4 8 7 5 9 3 2 1 6 
9 3 5 1 2 6 4 8 7 
6 1 2 4 7 8 3 9 5 
5 4 1 8 3 9 7 6 2 
2 6 8 7 5 1 9 3 4 
3 7 9 2 6 4 1 5 8 

Board 500:
2 5 9 1 3 6 4 7 8 
7 6 4 9 8 5 3 2 1 
1 8 3 2 4 7 5 6 9 
3 1 5 7 6 2 9 8 4 
4 9 6 5 1 8 7 3 2 
8 2 7 3 9 4 1 5 6 
5 7 1 6 2 9 8 4 3 
6 3 8 4 7 1 2 9 5 
9 4 2 8 5 3 6 1 7 

Board 501:
3 2 1 7 9 4 6 5 8 
8 9 6 5 1 2 4 7 3 
7 4 5 3 8 6 2 1 9 
1 3 7 2 6 8 9 4 5 
6 5 4 1 3 9 8 2 7 
9 8 2 4 7 5 3 6 1 
2 7 9 8 4 1 5 3 6 
5 1 8 6 2 3 7 9 4 
4 6 3 9 5 7 1 8 2 

Board 502:
1 2 5 6 3 7 9 8 4 
3 8 9 5 1 4 6 2 7 
4 7 6 9 8 2 5 3 1 
2 5 4 3 6 9 7 1 8 
6 9 8 4 7 1 2 5 3 
7 3 1 2 5 8 4 9 6 
8 6 2 1 4 5 3 7 9 
5 1 3 7 9 6 8 4 2 
9 4 7 8 2 3 1 6 5 

Board 503:
8 3 4 6 5 1 2 7 9 
2 6 1 8 7 9 3 5 4 
7 9 5 2 3 4 6 8 1 
4 1 7 9 8 6 5 3 2 
3 2 8 5 1 7 9 4 6 
6 5 9 3 4 2 8 1 7 
1 8 6 7 2 3 4 9 5 
9 7 3 4 6 5 1 2 8 
5 4 2 1 9 8 7 6 3 

Board 504:
3 1 7 4 5 6 9 2 8 
4 8 2 1 3 9 5 7 6 
6 9 5 8 2 7 1 4 3 
1 5 8 7 6 3 4 9 2 
2 3 4 9 1 5 6 8 7 
7 6 9 2 8 4 3 1 5 
9 7 3 6 4 2 8 5 1 
5 2 1 3 9 8 7 6 4 
8 4 6 5 7 1 2 3 9 

Board 505:
6 4 7 1 5 8 3 9 2 
9 5 3 2 6 4 8 7 1 
2 1 8 9 3 7 6 5 4 
3 2 9 5 7 6 4 1 8 
4 7 1 8 2 9 5 3 6 
5 8 6 4 1 3 9 2 7 
1 3 4 6 9 2 7 8 5 
8 9 2 7 4 5 1 6 3 
7 6 5 3 8 1 2 4 9 

Board 506:
6 1 5 9 8 3 4 7 2 
4 8 9 1 2 7 6 3 5 
7 3 2 4 6 5 8 9 1 
5 4 7 3 1 2 9 6 8 
1 2 3 6 9 8 5 4 7 
9 6 8 7 5 4 2 1 3 
2 9 1 5 7 6 3 8 4 
3 5 6 8 4 1 7 2 9 
8 7 4 2 3 9 1 5 6 

Board 507:
3 6 4 5 1 8 7 9 2 
7 5 2 9 6 4 3 8 1 
1 8 9 7 2 3 5 6 4 
6 1 7 8 9 2 4 5 3 
5 4 3 1 7 6 8 2 9 
2 9 8 4 3 5 1 7 6 
4 7 6 3 8 9 2 1 5 
9 3 1 2 5 7 6 4 8 
8 2 5 6 4 1 9 3 7 

Board 508:
4 3 1 9 8 5 6 2 7 
7 9 2 1 6 4 8 3 5 
5 8 6 7 3 2 9 4 1 
9 2 3 5 1 6 7 8 4 
1 5 4 3 7 8 2 9 6 
8 6 7 2 4 9 5 1 3 
3 4 8 6 9 7 1 5 2 
6 1 5 8 2 3 4 7 9 
2 7 9 4 5 1 3 6 8 

Board 509:
5 1 8 7 9 2 6 3 4 
9 7 4 1 3 6 2 5 8 
6 3 2 5 4 8 7 1 9 
1 6 7 4 8 5 9 2 3 
2 9 3 6 1 7 8 4 5 
8 4 5 3 2 9 1 6 7 
3 5 9 8 6 1 4 7 2 
7 2 1 9 5 4 3 8 6 
4 8 6 2 7 3 5 9 1 

Board 510:
2 7 1 3 9 6 4 5 8 
8 9 3 5 4 2 6 7 1 
6 4 5 8 1 7 9 2 3 
9 6 4 1 7 8 2 3 5 
1 2 8 9 5 3 7 6 4 
3 5 7 6 2 4 8 1 9 
7 1 9 4 6 5 3 8 2 
5 3 6 2 8 9 1 4 7 
4 8 2 7 3 1 5 9 6 

Board 511:
3 6 1 4 7 8 9 5 2 
9 8 7 3 2 5 4 1 6 
2 5 4 1 6 9 7 8 3 
6 1 3 2 9 4 8 7 5 
5 7 9 8 3 1 6 2 4 
4 2 8 6 5 7 1 3 9 
8 9 5 7 4 2 3 6 1 
1 3 2 9 8 6 5 4 7 
7 4 6 5 1 3 2 9 8 

Board 512:
1 2 5 6 9 4 3 8 7 
4 8 7 1 2 3 6 5 9 
3 9 6 8 7 5 1 2 4 
9 6 4 7 5 8 2 1 3 
2 3 8 9 4 1 7 6 5 
7 5 1 3 6 2 4 9 8 
5 4 3 2 1 9 8 7 6 
8 7 2 5 3 6 9 4 1 
6 1 9 4 8 7 5 3 2 

Board 513:
6 8 3 4 1 7 2 5 9 
5 9 1 3 6 2 8 7 4 
7 4 2 8 9 5 1 3 6 
2 3 7 9 5 1 6 4 8 
8 1 5 2 4 6 3 9 7 
9 6 4 7 3 8 5 1 2 
3 5 9 6 2 4 7 8 1 
4 7 6 1 8 3 9 2 5 
1 2 8 5 7 9 4 6 3 

Board 514:
9 8 4 7 5 2 3 6 1 
3 1 2 9 8 6 7 4 5 
7 5 6 1 3 4 2 9 8 
5 7 9 2 1 8 6 3 4 
1 6 8 3 4 7 9 5 2 
4 2 3 5 6 9 1 8 7 
8 3 5 6 2 1 4 7 9 
6 9 1 4 7 5 8 2 3 
2 4 7 8 9 3 5 1 6 

Board 515:
6 8 5 9 7 3 4 1 2 
4 1 3 8 6 2 9 7 5 
2 7 9 4 5 1 8 3 6 
9 5 2 1 3 7 6 4 8 
7 3 8 2 4 6 1 5 9 
1 4 6 5 9 8 7 2 3 
3 6 4 7 8 5 2 9 1 
8 2 7 3 1 9 5 6 4 
5 9 1 6 2 4 3 8 7 

Board 516:
8 5 7 3 6 4 9 2 1 
2 3 9 7 5 1 8 6 4 
1 4 6 9 2 8 5 7 3 
7 2 3 8 4 5 1 9 6 
5 1 4 6 9 2 3 8 7 
9 6 8 1 3 7 2 4 5 
3 9 1 4 8 6 7 5 2 
4 7 5 2 1 9 6 3 8 
6 8 2 5 7 3 4 1 9 

Board 517:
8 5 6 2 4 1 7 9 3 
4 1 3 9 5 7 2 6 8 
7 9 2 8 6 3 5 4 1 
5 2 9 1 7 8 6 3 4 
3 6 7 5 9 4 1 8 2 
1 8 4 3 2 6 9 5 7 
6 4 8 7 1 9 3 2 5 
9 7 5 4 3 2 8 1 6 
2 3 1 6 8 5 4 7 9 

Board 518:
1 2 6 7 5 4 8 3 9 
8 9 3 1 2 6 5 7 4 
4 5 7 9 8 3 2 1 6 
7 8 5 6 3 9 4 2 1 
6 3 1 2 4 7 9 8 5 
2 4 9 8 1 5 3 6 7 
5 7 4 3 6 2 1 9 8 
9 1 2 4 7 8 6 5 3 
3 6 8 5 9 1 7 4 2 

Board 519:
6 3 2 1 5 8 9 4 7 
9 5 8 4 7 3 2 1 6 
4 1 7 6 9 2 8 3 5 
2 8 4 9 3 5 7 6 1 
7 6 1 8 2 4 3 5 9 
5 9 3 7 1 6 4 2 8 
1 4 6 3 8 7 5 9 2 
3 7 5 2 6 9 1 8 4 
8 2 9 5 4 1 6 7 3 

Board 520:
9 1 4 8 5 2 6 7 3 
7 6 8 3 1 4 9 5 2 
2 5 3 9 7 6 4 8 1 
1 9 7 2 6 5 8 3 4 
6 3 5 4 9 8 2 1 7 
4 8 2 7 3 1 5 9 6 
5 7 1 6 2 9 3 4 8 
3 4 6 5 8 7 1 2 9 
8 2 9 1 4 3 7 6 5 

Board 521:
4 2 3 5 7 9 8 1 6 
7 1 8 6 3 2 9 4 5 
9 5 6 4 8 1 3 7 2 
6 4 5 3 2 8 7 9 1 
8 7 2 1 9 4 6 5 3 
1 3 9 7 6 5 4 2 8 
2 9 4 8 1 3 5 6 7 
5 8 7 2 4 6 1 3 9 
3 6 1 9 5 7 2 8 4 

Board 522:
3 4 1 6 9 8 2 5 7 
9 7 6 1 5 2 8 3 4 
2 8 5 7 3 4 9 6 1 
5 6 4 9 8 1 3 7 2 
1 3 8 4 2 7 5 9 6 
7 9 2 3 6 5 4 1 8 
4 1 9 8 7 3 6 2 5 
8 2 3 5 1 6 7 4 9 
6 5 7 2 4 9 1 8 3 

Board 523:
3 2 6 4 9 8 1 5 7 
9 7 4 6 1 5 2 8 3 
8 5 1 3 7 2 4 9 6 
4 3 5 9 8 1 7 6 2 
7 8 9 2 3 6 5 4 1 
6 1 2 5 4 7 9 3 8 
2 6 3 1 5 9 8 7 4 
1 9 7 8 6 4 3 2 5 
5 4 8 7 2 3 6 1 9 

Board 524:
2 6 1 9 7 4 8 3 5 
8 4 5 6 3 1 7 9 2 
7 9 3 8 5 2 4 6 1 
4 1 7 2 9 6 3 5 8 
3 2 8 4 1 5 6 7 9 
9 5 6 3 8 7 1 2 4 
6 3 9 1 2 8 5 4 7 
1 7 2 5 4 3 9 8 6 
5 8 4 7 6 9 2 1 3 

Board 525:
5 4 8 9 3 6 2 7 1 
1 7 2 8 5 4 6 9 3 
9 3 6 7 2 1 8 4 5 
8 5 7 2 9 3 4 1 6 
3 6 1 4 8 7 9 5 2 
2 9 4 1 6 5 7 3 8 
6 8 3 5 7 9 1 2 4 
7 1 5 6 4 2 3 8 9 
4 2 9 3 1 8 5 6 7 

Board 526:
4 8 1 5 2 6 3 9 7 
5 7 3 8 4 9 1 2 6 
2 9 6 1 7 3 4 8 5 
6 5 9 4 8 1 7 3 2 
1 2 4 7 3 5 9 6 8 
8 3 7 9 6 2 5 4 1 
7 6 5 2 9 4 8 1 3 
9 1 2 3 5 8 6 7 4 
3 4 8 6 1 7 2 5 9 

Board 527:
1 9 5 6 8 4 2 7 3 
2 6 8 9 3 7 4 5 1 
7 3 4 1 5 2 6 9 8 
4 5 9 8 6 3 7 1 2 
8 7 3 4 2 1 9 6 5 
6 2 1 7 9 5 8 3 4 
9 8 2 5 1 6 3 4 7 
3 1 7 2 4 9 5 8 6 
5 4 6 3 7 8 1 2 9 

Board 528:
1 5 3 8 9 7 4 6 2 
7 6 4 1 5 2 8 3 9 
9 2 8 6 3 4 7 5 1 
6 7 5 3 8 9 1 2 4 
2 3 1 7 4 6 5 9 8 
4 8 9 2 1 5 6 7 3 
3 1 2 5 7 8 9 4 6 
5 4 6 9 2 1 3 8 7 
8 9 7 4 6 3 2 1 5 

Board 529:
3 9 4 1 6 8 7 5 2 
5 8 2 7 4 9 1 6 3 
6 1 7 3 2 5 9 4 8 
8 2 3 5 1 7 4 9 6 
9 7 1 6 3 4 2 8 5 
4 6 5 9 8 2 3 1 7 
7 3 8 4 9 6 5 2 1 
1 4 6 2 5 3 8 7 9 
2 5 9 8 7 1 6 3 4 

Board 530:
2 1 6 5 9 8 4 3 7 
8 5 7 4 2 3 1 9 6 
3 9 4 6 1 7 2 8 5 
9 3 5 2 4 1 6 7 8 
4 2 8 7 5 6 3 1 9 
6 7 1 3 8 9 5 2 4 
5 6 3 9 7 2 8 4 1 
7 8 2 1 6 4 9 5 3 
1 4 9 8 3 5 7 6 2 

Board 531:
7 5 9 8 2 3 1 4 6 
6 1 2 9 5 4 3 8 7 
4 3 8 7 1 6 2 9 5 
9 2 1 6 7 8 5 3 4 
3 8 7 4 9 5 6 1 2 
5 4 6 2 3 1 9 7 8 
2 9 4 1 6 7 8 5 3 
8 6 3 5 4 9 7 2 1 
1 7 5 3 8 2 4 6 9 

Board 532:
5 3 4 1 8 6 2 7 9 
6 1 8 2 7 9 3 4 5 
9 2 7 4 5 3 6 8 1 
4 8 5 3 2 7 9 1 6 
1 6 3 9 4 5 8 2 7 
7 9 2 6 1 8 5 3 4 
3 7 9 8 6 1 4 5 2 
2 5 6 7 3 4 1 9 8 
8 4 1 5 9 2 7 6 3 

Board 533:
6 4 8 5 2 7 9 3 1 
9 7 2 3 1 8 4 6 5 
1 5 3 6 4 9 2 8 7 
2 3 6 9 8 1 5 7 4 
5 1 7 4 6 2 8 9 3 
8 9 4 7 5 3 6 1 2 
3 6 9 2 7 5 1 4 8 
7 8 5 1 9 4 3 2 6 
4 2 1 8 3 6 7 5 9 

Board 534:
1 3 7 5 6 9 2 4 8 
5 9 2 8 3 4 6 7 1 
8 4 6 2 1 7 3 9 5 
3 2 8 4 7 5 1 6 9 
6 5 1 9 8 3 7 2 4 
4 7 9 1 2 6 8 5 3 
9 1 3 6 5 2 4 8 7 
2 8 4 7 9 1 5 3 6 
7 6 5 3 4 8 9 1 2 

Board 535:
6 5 4 2 3 7 1 8 9 
9 8 2 4 6 1 5 3 7 
1 7 3 8 9 5 4 2 6 
5 3 7 1 2 9 8 6 4 
2 9 6 3 8 4 7 1 5 
4 1 8 5 7 6 2 9 3 
3 4 1 6 5 2 9 7 8 
8 2 9 7 4 3 6 5 1 
7 6 5 9 1 8 3 4 2 

Board 536:
7 2 6 1 9 3 8 5 4 
5 9 1 8 7 4 3 6 2 
8 4 3 2 5 6 1 9 7 
3 8 9 7 4 1 6 2 5 
2 7 5 9 6 8 4 3 1 
1 6 4 3 2 5 7 8 9 
6 1 2 4 3 9 5 7 8 
4 5 7 6 8 2 9 1 3 
9 3 8 5 1 7 2 4 6 

Board 537:
6 5 9 2 1 8 3 7 4 
8 3 2 7 6 4 5 1 9 
4 7 1 9 5 3 6 2 8 
2 1 4 8 3 7 9 6 5 
7 6 8 5 4 9 2 3 1 
5 9 3 6 2 1 8 4 7 
1 4 5 3 8 2 7 9 6 
9 2 6 4 7 5 1 8 3 
3 8 7 1 9 6 4 5 2 

Board 538:
2 9 7 5 3 8 4 1 6 
4 3 5 2 1 6 8 7 9 
8 6 1 9 7 4 3 5 2 
1 7 9 3 6 2 5 4 8 
6 4 2 7 8 5 1 9 3 
5 8 3 4 9 1 2 6 7 
7 2 4 6 5 3 9 8 1 
3 1 6 8 4 9 7 2 5 
9 5 8 1 2 7 6 3 4 

Board 539:
5 1 2 3 4 6 9 7 8 
3 9 4 5 7 8 6 1 2 
8 7 6 2 9 1 3 5 4 
2 8 7 1 3 9 5 4 6 
6 4 9 8 5 2 7 3 1 
1 5 3 4 6 7 2 8 9 
7 6 5 9 1 4 8 2 3 
9 2 1 7 8 3 4 6 5 
4 3 8 6 2 5 1 9 7 

Board 540:
5 6 2 8 3 7 4 1 9 
7 1 9 2 5 4 3 6 8 
4 3 8 9 6 1 7 5 2 
8 9 3 4 1 2 5 7 6 
2 5 4 3 7 6 8 9 1 
6 7 1 5 9 8 2 4 3 
1 4 7 6 2 3 9 8 5 
9 2 6 7 8 5 1 3 4 
3 8 5 1 4 9 6 2 7 

Board 541:
9 1 5 2 3 6 4 8 7 
7 8 6 5 9 4 2 3 1 
3 2 4 8 1 7 5 6 9 
5 3 7 4 8 1 6 9 2 
4 9 1 6 5 2 3 7 8 
8 6 2 3 7 9 1 5 4 
1 7 3 9 4 5 8 2 6 
2 4 8 7 6 3 9 1 5 
6 5 9 1 2 8 7 4 3 

Board 542:
9 6 5 3 7 2 4 1 8 
1 3 7 6 4 8 5 9 2 
4 8 2 5 9 1 7 3 6 
3 9 1 8 2 5 6 7 4 
5 4 6 7 1 3 8 2 9 
2 7 8 4 6 9 1 5 3 
8 5 9 1 3 4 2 6 7 
7 1 3 2 8 6 9 4 5 
6 2 4 9 5 7 3 8 1 

Board 543:
2 8 6 7 1 9 4 3 5 
1 4 9 2 3 5 8 6 7 
3 5 7 4 6 8 9 1 2 
9 7 2 6 8 3 1 5 4 
4 6 5 1 7 2 3 8 9 
8 3 1 9 5 4 7 2 6 
6 9 8 5 4 1 2 7 3 
5 1 4 3 2 7 6 9 8 
7 2 3 8 9 6 5 4 1 

Board 544:
5 8 1 4 2 6 9 3 7 
3 9 7 5 1 8 6 4 2 
4 6 2 7 3 9 5 1 8 
7 4 9 3 8 2 1 6 5 
6 2 5 9 7 1 4 8 3 
8 1 3 6 4 5 7 2 9 
1 5 6 8 9 3 2 7 4 
9 3 4 2 6 7 8 5 1 
2 7 8 1 5 4 3 9 6 

Board 545:
2 6 5 7 3 1 4 9 8 
1 8 9 4 5 2 6 3 7 
7 3 4 8 9 6 5 1 2 
8 2 7 3 4 9 1 5 6 
4 1 6 2 7 5 9 8 3 
9 5 3 6 1 8 7 2 4 
5 4 2 1 6 3 8 7 9 
6 9 8 5 2 7 3 4 1 
3 7 1 9 8 4 2 6 5 

Board 546:
7 9 8 5 6 2 3 4 1 
4 6 2 3 1 7 8 5 9 
1 3 5 9 8 4 6 2 7 
3 7 1 6 2 9 5 8 4 
5 8 6 7 4 3 9 1 2 
9 2 4 8 5 1 7 3 6 
6 1 3 4 9 8 2 7 5 
2 5 7 1 3 6 4 9 8 
8 4 9 2 7 5 1 6 3 

Board 547:
4 5 6 9 7 2 1 3 8 
1 2 9 5 3 8 7 4 6 
8 7 3 4 1 6 2 5 9 
6 8 4 2 5 3 9 7 1 
2 1 7 8 4 9 3 6 5 
3 9 5 7 6 1 8 2 4 
7 4 8 3 9 5 6 1 2 
5 6 2 1 8 7 4 9 3 
9 3 1 6 2 4 5 8 7 

Board 548:
6 7 8 4 1 5 2 9 3 
2 9 4 8 6 3 7 1 5 
1 3 5 9 7 2 6 4 8 
7 4 3 6 8 9 1 5 2 
5 2 6 1 3 4 8 7 9 
8 1 9 5 2 7 3 6 4 
9 8 7 3 5 1 4 2 6 
3 5 2 7 4 6 9 8 1 
4 6 1 2 9 8 5 3 7 

Board 549:
9 6 3 2 4 5 1 8 7 
4 5 8 3 7 1 2 6 9 
1 7 2 8 6 9 5 4 3 
5 1 6 7 8 2 3 9 4 
8 2 4 9 3 6 7 5 1 
7 3 9 1 5 4 6 2 8 
2 8 5 4 1 3 9 7 6 
3 9 7 6 2 8 4 1 5 
6 4 1 5 9 7 8 3 2 

Board 550:
6 9 8 5 1 7 4 2 3 
5 1 7 4 3 2 8 6 9 
4 2 3 8 9 6 1 5 7 
2 6 1 9 8 5 7 3 4 
7 8 9 3 2 4 6 1 5 
3 5 4 7 6 1 9 8 2 
1 4 6 2 5 9 3 7 8 
8 7 2 6 4 3 5 9 1 
9 3 5 1 7 8 2 4 6 

Board 551:
9 6 5 4 8 1 2 3 7 
4 3 1 7 5 2 9 8 6 
7 8 2 9 3 6 4 5 1 
5 9 8 6 4 3 1 7 2 
1 7 4 2 9 8 3 6 5 
3 2 6 1 7 5 8 4 9 
8 4 9 5 2 7 6 1 3 
6 5 3 8 1 9 7 2 4 
2 1 7 3 6 4 5 9 8 

Board 552:
8 7 2 5 9 4 6 1 3 
4 6 9 3 8 1 5 2 7 
1 5 3 6 2 7 9 4 8 
2 8 1 4 6 9 7 3 5 
7 9 5 2 3 8 4 6 1 
3 4 6 7 1 5 2 8 9 
9 1 7 8 4 2 3 5 6 
6 2 8 9 5 3 1 7 4 
5 3 4 1 7 6 8 9 2 

Board 553:
8 3 7 6 2 5 1 4 9 
4 2 5 7 1 9 8 3 6 
1 9 6 4 3 8 2 7 5 
5 4 8 3 7 1 9 6 2 
3 6 2 5 9 4 7 1 8 
7 1 9 8 6 2 4 5 3 
6 5 1 2 8 7 3 9 4 
9 8 4 1 5 3 6 2 7 
2 7 3 9 4 6 5 8 1 

Board 554:
5 9 7 6 3 1 4 2 8 
2 6 3 9 4 8 1 5 7 
1 8 4 5 2 7 6 3 9 
9 5 8 2 1 3 7 6 4 
7 1 2 8 6 4 5 9 3 
4 3 6 7 9 5 2 8 1 
6 2 1 4 8 9 3 7 5 
3 7 9 1 5 6 8 4 2 
8 4 5 3 7 2 9 1 6 

Board 555:
9 2 1 3 4 8 5 6 7 
8 4 6 5 7 2 3 9 1 
7 3 5 9 1 6 4 2 8 
1 5 3 8 6 7 2 4 9 
2 9 7 4 3 1 6 8 5 
6 8 4 2 5 9 7 1 3 
5 1 9 6 2 3 8 7 4 
4 7 2 1 8 5 9 3 6 
3 6 8 7 9 4 1 5 2 

Board 556:
8 5 7 2 3 1 9 4 6 
4 9 1 6 8 5 2 7 3 
2 6 3 7 4 9 1 8 5 
7 3 5 1 2 4 8 6 9 
1 4 2 9 6 8 3 5 7 
6 8 9 5 7 3 4 1 2 
3 2 6 4 1 7 5 9 8 
5 1 8 3 9 6 7 2 4 
9 7 4 8 5 2 6 3 1 

Board 557:
3 4 7 8 2 5 9 6 1 
5 8 2 6 1 9 3 7 4 
6 1 9 3 4 7 2 5 8 
2 6 8 9 5 4 1 3 7 
7 9 4 2 3 1 5 8 6 
1 3 5 7 8 6 4 2 9 
4 7 3 1 6 2 8 9 5 
9 2 1 5 7 8 6 4 3 
8 5 6 4 9 3 7 1 2 

Board 558:
6 3 9 1 5 4 7 2 8 
4 8 7 2 3 6 9 5 1 
2 5 1 9 8 7 6 4 3 
1 9 3 4 2 5 8 7 6 
5 4 6 3 7 8 1 9 2 
8 7 2 6 1 9 5 3 4 
3 6 8 7 9 2 4 1 5 
7 1 5 8 4 3 2 6 9 
9 2 4 5 6 1 3 8 7 

Board 559:
4 3 6 8 2 5 9 1 7 
1 7 2 3 4 9 5 8 6 
5 8 9 7 1 6 2 4 3 
8 4 1 9 5 3 6 7 2 
3 2 7 1 6 4 8 9 5 
6 9 5 2 8 7 4 3 1 
7 1 4 6 9 2 3 5 8 
2 5 3 4 7 8 1 6 9 
9 6 8 5 3 1 7 2 4 

Board 560:
9 3 5 1 8 6 4 7 2 
1 6 4 9 2 7 8 5 3 
2 8 7 5 4 3 1 6 9 
7 9 6 3 1 8 5 2 4 
5 4 8 6 7 2 9 3 1 
3 1 2 4 5 9 7 8 6 
8 7 9 2 3 1 6 4 5 
6 5 3 8 9 4 2 1 7 
4 2 1 7 6 5 3 9 8 

Board 561:
6 2 4 3 1 5 7 9 8 
9 7 3 8 2 4 5 6 1 
8 5 1 7 6 9 2 4 3 
7 4 8 1 3 2 9 5 6 
3 9 6 4 5 8 1 2 7 
2 1 5 6 9 7 3 8 4 
4 6 9 5 7 1 8 3 2 
1 3 2 9 8 6 4 7 5 
5 8 7 2 4 3 6 1 9 

Board 562:
3 2 7 5 9 8 4 6 1 
4 6 8 7 3 1 9 5 2 
5 1 9 2 4 6 8 3 7 
7 8 3 9 2 5 1 4 6 
2 9 5 1 6 4 7 8 3 
6 4 1 3 8 7 5 2 9 
8 5 2 6 1 9 3 7 4 
1 3 4 8 7 2 6 9 5 
9 7 6 4 5 3 2 1 8 

Board 563:
4 7 8 5 6 1 2 9 3 
5 1 2 3 8 9 6 4 7 
3 9 6 7 2 4 1 8 5 
2 3 7 1 5 8 4 6 9 
8 6 9 4 3 7 5 1 2 
1 5 4 6 9 2 3 7 8 
7 4 3 9 1 5 8 2 6 
6 2 1 8 7 3 9 5 4 
9 8 5 2 4 6 7 3 1 

Board 564:
1 5 3 7 9 8 2 6 4 
8 6 7 4 5 2 3 9 1 
4 2 9 3 1 6 5 8 7 
9 7 8 2 4 3 6 1 5 
5 4 1 9 6 7 8 3 2 
6 3 2 1 8 5 4 7 9 
3 1 5 6 2 9 7 4 8 
2 9 6 8 7 4 1 5 3 
7 8 4 5 3 1 9 2 6 

Board 565:
3 5 6 9 8 2 4 1 7 
4 9 2 1 6 7 5 8 3 
7 1 8 3 5 4 2 6 9 
5 7 1 6 4 9 3 2 8 
2 4 3 8 7 1 9 5 6 
6 8 9 2 3 5 1 7 4 
9 6 5 7 2 3 8 4 1 
1 2 7 4 9 8 6 3 5 
8 3 4 5 1 6 7 9 2 

Board 566:
5 7 9 1 8 4 2 3 6 
8 6 4 2 3 7 1 5 9 
1 2 3 9 5 6 7 8 4 
9 1 7 3 2 8 4 6 5 
3 4 8 6 7 5 9 1 2 
2 5 6 4 1 9 3 7 8 
6 3 1 5 9 2 8 4 7 
4 8 2 7 6 1 5 9 3 
7 9 5 8 4 3 6 2 1 

Board 567:
2 7 8 9 5 1 4 3 6 
3 5 4 2 8 6 1 9 7 
1 9 6 7 3 4 8 2 5 
6 1 5 3 9 7 2 4 8 
7 2 3 5 4 8 9 6 1 
8 4 9 1 6 2 7 5 3 
5 8 1 6 2 9 3 7 4 
9 6 7 4 1 3 5 8 2 
4 3 2 8 7 5 6 1 9 

Board 568:
6 9 5 7 1 4 2 3 8 
1 7 2 8 6 3 5 4 9 
4 3 8 2 9 5 6 7 1 
2 5 6 9 4 7 1 8 3 
3 1 4 6 8 2 9 5 7 
9 8 7 5 3 1 4 6 2 
7 4 1 3 2 6 8 9 5 
5 2 9 4 7 8 3 1 6 
8 6 3 1 5 9 7 2 4 

Board 569:
3 9 7 8 2 6 4 1 5 
6 4 8 1 3 5 9 7 2 
5 1 2 7 9 4 3 8 6 
7 3 9 4 6 1 2 5 8 
8 5 6 3 7 2 1 9 4 
1 2 4 5 8 9 6 3 7 
9 7 3 2 4 8 5 6 1 
4 6 5 9 1 7 8 2 3 
2 8 1 6 5 3 7 4 9 

Board 570:
8 3 7 6 4 1 9 2 5 
1 6 4 9 5 2 8 7 3 
2 9 5 8 7 3 1 6 4 
3 1 2 5 8 9 7 4 6 
5 8 6 7 3 4 2 9 1 
7 4 9 2 1 6 3 5 8 
9 7 1 3 6 5 4 8 2 
6 2 3 4 9 8 5 1 7 
4 5 8 1 2 7 6 3 9 

Board 571:
5 2 7 4 1 8 6 9 3 
6 1 3 7 5 9 4 2 8 
8 4 9 6 3 2 7 1 5 
3 7 5 8 9 6 2 4 1 
2 6 4 5 7 1 8 3 9 
1 9 8 3 2 4 5 7 6 
9 8 1 2 6 7 3 5 4 
7 5 6 1 4 3 9 8 2 
4 3 2 9 8 5 1 6 7 

Board 572:
8 7 1 2 5 3 4 9 6 
5 3 4 9 6 1 7 8 2 
9 2 6 7 4 8 3 5 1 
7 1 8 3 9 6 2 4 5 
6 4 2 5 8 7 1 3 9 
3 9 5 1 2 4 6 7 8 
4 5 3 8 1 2 9 6 7 
1 6 9 4 7 5 8 2 3 
2 8 7 6 3 9 5 1 4 

Board 573:
1 2 5 8 3 4 6 7 9 
9 6 7 5 2 1 8 4 3 
3 8 4 9 7 6 5 1 2 
7 3 9 2 1 5 4 8 6 
5 4 8 7 6 9 2 3 1 
6 1 2 3 4 8 7 9 5 
4 5 3 6 9 7 1 2 8 
2 7 6 1 8 3 9 5 4 
8 9 1 4 5 2 3 6 7 

Board 574:
9 3 7 5 6 1 4 2 8 
2 5 8 4 9 7 6 3 1 
1 4 6 2 8 3 9 7 5 
6 1 3 9 2 8 7 5 4 
8 7 2 3 4 5 1 6 9 
4 9 5 7 1 6 2 8 3 
3 2 4 6 5 9 8 1 7 
5 8 9 1 7 2 3 4 6 
7 6 1 8 3 4 5 9 2 

Board 575:
2 1 7 8 6 3 9 5 4 
9 8 3 1 5 4 7 6 2 
6 4 5 7 2 9 1 8 3 
4 2 1 6 8 7 3 9 5 
8 7 9 5 3 2 4 1 6 
3 5 6 9 4 1 2 7 8 
7 6 4 3 1 8 5 2 9 
1 3 8 2 9 5 6 4 7 
5 9 2 4 7 6 8 3 1 

Board 576:
6 5 3 8 1 4 7 2 9 
4 1 8 9 2 7 6 3 5 
7 2 9 5 6 3 8 1 4 
5 7 1 3 4 6 2 9 8 
2 8 4 1 7 9 3 5 6 
9 3 6 2 5 8 1 4 7 
3 6 5 4 8 2 9 7 1 
1 9 7 6 3 5 4 8 2 
8 4 2 7 9 1 5 6 3 

Board 577:
8 1 6 9 3 5 7 4 2 
5 4 7 1 8 2 3 6 9 
2 9 3 7 4 6 5 8 1 
3 8 5 6 9 7 1 2 4 
9 7 1 8 2 4 6 3 5 
4 6 2 5 1 3 8 9 7 
7 3 9 4 6 1 2 5 8 
6 5 4 2 7 8 9 1 3 
1 2 8 3 5 9 4 7 6 

Board 578:
6 3 2 1 5 8 9 7 4 
7 5 9 6 2 4 1 3 8 
1 4 8 9 3 7 6 5 2 
3 7 6 5 9 2 4 8 1 
2 1 4 7 8 3 5 6 9 
9 8 5 4 6 1 7 2 3 
4 2 1 3 7 5 8 9 6 
8 6 7 2 1 9 3 4 5 
5 9 3 8 4 6 2 1 7 

Board 579:
9 3 4 7 5 1 6 8 2 
8 7 5 2 3 6 4 9 1 
1 6 2 9 8 4 3 7 5 
6 9 1 3 2 8 5 4 7 
3 5 7 4 6 9 1 2 8 
2 4 8 1 7 5 9 6 3 
4 8 9 5 1 2 7 3 6 
5 2 3 6 9 7 8 1 4 
7 1 6 8 4 3 2 5 9 

Board 580:
4 2 6 8 9 7 3 5 1 
3 5 8 2 6 1 7 4 9 
9 7 1 5 3 4 8 6 2 
8 6 9 1 7 5 4 2 3 
2 4 5 6 8 3 1 9 7 
7 1 3 4 2 9 6 8 5 
5 3 4 9 1 8 2 7 6 
6 9 7 3 4 2 5 1 8 
1 8 2 7 5 6 9 3 4 

Board 581:
3 4 9 2 7 1 6 8 5 
6 7 1 5 4 8 2 9 3 
2 8 5 6 9 3 7 4 1 
8 9 3 4 1 7 5 6 2 
5 6 4 3 2 9 1 7 8 
7 1 2 8 6 5 4 3 9 
9 5 6 1 8 4 3 2 7 
4 3 7 9 5 2 8 1 6 
1 2 8 7 3 6 9 5 4 

Board 582:
5 7 2 3 1 4 9 6 8 
3 9 4 7 6 8 5 2 1 
8 6 1 2 5 9 3 4 7 
4 1 7 5 2 3 6 8 9 
2 3 9 6 8 1 4 7 5 
6 8 5 4 9 7 1 3 2 
1 2 8 9 3 6 7 5 4 
7 5 3 1 4 2 8 9 6 
9 4 6 8 7 5 2 1 3 

Board 583:
9 7 8 3 1 5 2 4 6 
2 6 5 7 4 9 1 3 8 
3 1 4 6 8 2 7 9 5 
8 4 3 2 5 6 9 1 7 
7 9 1 8 3 4 5 6 2 
6 5 2 9 7 1 3 8 4 
5 8 9 1 6 7 4 2 3 
4 2 6 5 9 3 8 7 1 
1 3 7 4 2 8 6 5 9 

Board 584:
6 2 7 9 1 3 8 4 5 
9 4 5 6 8 2 7 1 3 
1 8 3 7 4 5 9 2 6 
2 7 4 3 9 8 5 6 1 
3 1 9 5 7 6 4 8 2 
8 5 6 4 2 1 3 9 7 
5 9 2 1 3 4 6 7 8 
4 3 8 2 6 7 1 5 9 
7 6 1 8 5 9 2 3 4 

Board 585:
8 6 5 2 3 7 1 4 9 
7 9 4 1 5 8 2 6 3 
2 1 3 6 4 9 8 7 5 
1 3 7 5 6 2 9 8 4 
4 8 2 7 9 1 3 5 6 
9 5 6 4 8 3 7 2 1 
5 7 8 3 1 6 4 9 2 
6 2 1 9 7 4 5 3 8 
3 4 9 8 2 5 6 1 7 

Board 586:
7 4 1 6 3 2 9 8 5 
8 5 6 1 4 9 3 7 2 
2 3 9 5 8 7 1 6 4 
4 6 7 8 5 1 2 3 9 
5 8 2 4 9 3 6 1 7 
1 9 3 7 2 6 5 4 8 
3 1 5 9 7 8 4 2 6 
9 2 8 3 6 4 7 5 1 
6 7 4 2 1 5 8 9 3 

Board 587:
8 2 1 7 3 6 9 4 5 
4 3 7 2 9 5 8 6 1 
9 6 5 8 1 4 3 2 7 
5 7 6 9 8 1 4 3 2 
3 8 9 5 4 2 1 7 6 
2 1 4 6 7 3 5 9 8 
7 4 8 1 2 9 6 5 3 
1 5 3 4 6 7 2 8 9 
6 9 2 3 5 8 7 1 4 

Board 588:
8 6 3 2 9 5 1 7 4 
1 9 4 6 8 7 3 2 5 
5 2 7 3 4 1 8 9 6 
9 8 1 7 3 4 5 6 2 
3 5 6 8 2 9 4 1 7 
7 4 2 5 1 6 9 8 3 
4 3 9 1 7 2 6 5 8 
6 7 8 9 5 3 2 4 1 
2 1 5 4 6 8 7 3 9 

Board 589:
8 3 4 7 2 9 6 5 1 
7 5 6 1 4 3 8 9 2 
9 1 2 8 5 6 7 4 3 
6 8 1 3 9 2 4 7 5 
4 2 7 5 8 1 9 3 6 
3 9 5 6 7 4 2 1 8 
2 7 3 9 1 8 5 6 4 
5 6 8 4 3 7 1 2 9 
1 4 9 2 6 5 3 8 7 

Board 590:
1 4 3 7 6 9 2 5 8 
7 5 8 1 2 4 6 3 9 
6 9 2 5 3 8 7 1 4 
8 2 1 9 7 5 3 4 6 
5 7 9 3 4 6 1 8 2 
3 6 4 2 8 1 9 7 5 
9 8 7 4 1 2 5 6 3 
2 1 6 8 5 3 4 9 7 
4 3 5 6 9 7 8 2 1 

Board 591:
3 1 2 4 6 9 7 5 8 
4 9 7 3 8 5 6 1 2 
6 8 5 2 1 7 9 4 3 
2 7 4 9 5 8 3 6 1 
8 6 3 1 4 2 5 7 9 
9 5 1 6 7 3 2 8 4 
1 2 6 5 9 4 8 3 7 
5 3 8 7 2 1 4 9 6 
7 4 9 8 3 6 1 2 5 

Board 592:
3 7 2 1 9 8 4 6 5 
5 6 8 7 2 4 1 9 3 
4 1 9 3 6 5 2 8 7 
7 5 3 2 4 6 8 1 9 
6 9 1 5 8 7 3 2 4 
2 8 4 9 1 3 5 7 6 
8 3 6 4 7 1 9 5 2 
1 2 5 6 3 9 7 4 8 
9 4 7 8 5 2 6 3 1 

Board 593:
7 3 5 6 8 9 1 2 4 
8 2 1 4 5 7 3 9 6 
4 9 6 1 2 3 8 7 5 
5 4 8 9 1 2 6 3 7 
9 1 2 3 7 6 5 4 8 
6 7 3 8 4 5 2 1 9 
3 5 9 7 6 1 4 8 2 
2 8 7 5 3 4 9 6 1 
1 6 4 2 9 8 7 5 3 

Board 594:
7 3 5 4 1 2 9 8 6 
2 8 6 9 7 3 1 5 4 
1 4 9 8 5 6 7 2 3 
5 1 8 7 6 9 4 3 2 
4 2 7 3 8 5 6 1 9 
6 9 3 1 2 4 5 7 8 
3 6 2 5 9 1 8 4 7 
8 5 4 6 3 7 2 9 1 
9 7 1 2 4 8 3 6 5 

Board 595:
3 6 9 2 4 8 5 1 7 
1 7 8 6 9 5 4 3 2 
2 4 5 7 3 1 9 6 8 
5 1 2 3 8 9 7 4 6 
8 9 4 1 6 7 2 5 3 
6 3 7 5 2 4 1 8 9 
9 8 1 4 7 6 3 2 5 
7 5 3 8 1 2 6 9 4 
4 2 6 9 5 3 8 7 1 

Board 596:
4 5 9 6 1 2 3 8 7 
6 3 2 9 7 8 1 5 4 
1 7 8 4 3 5 6 2 9 
3 4 6 5 9 7 2 1 8 
5 9 1 2 8 4 7 3 6 
8 2 7 3 6 1 4 9 5 
2 6 3 7 5 9 8 4 1 
9 8 4 1 2 6 5 7 3 
7 1 5 8 4 3 9 6 2 

Board 597:
3 5 9 2 4 6 7 1 8 
7 2 4 1 3 8 5 6 9 
8 6 1 7 9 5 4 3 2 
2 3 7 9 1 4 6 8 5 
5 9 6 3 8 2 1 7 4 
1 4 8 5 6 7 9 2 3 
9 8 5 6 2 1 3 4 7 
4 1 3 8 7 9 2 5 6 
6 7 2 4 5 3 8 9 1 

Board 598:
9 5 6 3 2 4 7 8 1 
1 4 8 6 9 7 2 3 5 
7 2 3 8 5 1 4 9 6 
2 7 5 1 8 3 6 4 9 
6 1 4 2 7 9 8 5 3 
3 8 9 4 6 5 1 7 2 
4 9 1 7 3 2 5 6 8 
5 6 7 9 1 8 3 2 4 
8 3 2 5 4 6 9 1 7 

Board 599:
6 5 4 3 2 7 8 9 1 
3 7 1 9 6 8 5 4 2 
2 8 9 5 4 1 6 3 7 
1 6 2 8 3 4 9 7 5 
5 3 7 1 9 6 4 2 8 
4 9 8 7 5 2 1 6 3 
9 1 6 2 8 3 7 5 4 
7 2 5 4 1 9 3 8 6 
8 4 3 6 7 5 2 1 9 

Board 600:
9 1 5 4 2 8 7 3 6 
7 8 4 5 3 6 1 9 2 
6 3 2 7 9 1 4 5 8 
2 6 7 9 4 3 8 1 5 
8 5 9 1 6 2 3 4 7 
3 4 1 8 7 5 6 2 9 
5 9 8 6 1 4 2 7 3 
1 2 6 3 5 7 9 8 4 
4 7 3 2 8 9 5 6 1 

Board 601:
5 1 2 9 7 8 3 4 6 
6 9 7 3 4 5 8 1 2 
8 3 4 1 6 2 9 7 5 
7 2 6 8 1 9 4 5 3 
9 4 1 5 3 7 2 6 8 
3 8 5 6 2 4 1 9 7 
4 7 3 2 5 1 6 8 9 
2 5 8 4 9 6 7 3 1 
1 6 9 7 8 3 5 2 4 

Board 602:
2 8 3 1 5 7 9 4 6 
9 6 7 8 3 4 5 2 1 
4 1 5 6 9 2 7 8 3 
1 2 6 7 4 3 8 5 9 
5 9 8 2 1 6 3 7 4 
7 3 4 9 8 5 1 6 2 
8 4 2 3 7 9 6 1 5 
6 7 9 5 2 1 4 3 8 
3 5 1 4 6 8 2 9 7 

Board 603:
2 3 4 9 5 6 8 1 7 
1 9 7 4 8 3 2 5 6 
5 8 6 1 2 7 4 3 9 
6 1 3 7 9 4 5 8 2 
9 4 8 5 1 2 6 7 3 
7 5 2 3 6 8 9 4 1 
3 6 9 8 4 1 7 2 5 
8 2 1 6 7 5 3 9 4 
4 7 5 2 3 9 1 6 8 

Board 604:
3 7 6 2 5 4 8 1 9 
8 2 4 7 1 9 6 5 3 
5 9 1 8 6 3 2 4 7 
4 3 5 1 9 8 7 6 2 
9 1 8 6 2 7 4 3 5 
2 6 7 4 3 5 9 8 1 
7 5 9 3 8 6 1 2 4 
6 4 2 5 7 1 3 9 8 
1 8 3 9 4 2 5 7 6 

Board 605:
2 1 6 5 3 7 8 9 4 
3 7 4 9 8 1 6 5 2 
8 9 5 2 6 4 1 7 3 
1 6 7 4 5 9 3 2 8 
4 8 3 7 2 6 9 1 5 
9 5 2 8 1 3 4 6 7 
7 4 1 3 9 5 2 8 6 
6 3 8 1 7 2 5 4 9 
5 2 9 6 4 8 7 3 1 

Board 606:
4 2 9 1 3 8 6 5 7 
7 8 6 9 4 5 3 2 1 
5 1 3 6 7 2 8 9 4 
8 3 2 7 5 1 4 6 9 
6 4 1 3 8 9 5 7 2 
9 7 5 2 6 4 1 8 3 
2 5 8 4 1 7 9 3 6 
3 9 4 8 2 6 7 1 5 
1 6 7 5 9 3 2 4 8 

Board 607:
6 2 3 1 9 8 4 5 7 
1 7 9 3 4 5 8 2 6 
8 4 5 6 7 2 1 3 9 
4 9 2 7 1 3 5 6 8 
5 8 7 9 2 6 3 4 1 
3 1 6 5 8 4 9 7 2 
9 6 4 2 3 1 7 8 5 
7 5 8 4 6 9 2 1 3 
2 3 1 8 5 7 6 9 4 

Board 608:
7 5 4 3 6 9 8 1 2 
8 3 2 4 5 1 7 9 6 
6 9 1 8 7 2 3 5 4 
4 8 9 7 2 6 1 3 5 
5 2 3 1 9 4 6 8 7 
1 7 6 5 8 3 2 4 9 
3 1 5 6 4 7 9 2 8 
2 4 7 9 1 8 5 6 3 
9 6 8 2 3 5 4 7 1 

Board 609:
7 1 6 2 9 4 3 8 5 
5 3 8 1 6 7 9 4 2 
9 4 2 8 5 3 6 7 1 
2 6 3 9 1 8 7 5 4 
1 5 4 6 7 2 8 3 9 
8 9 7 3 4 5 1 2 6 
6 7 5 4 8 9 2 1 3 
3 8 9 5 2 1 4 6 7 
4 2 1 7 3 6 5 9 8 

Board 610:
3 8 6 9 5 1 2 7 4 
7 2 9 3 4 6 1 5 8 
4 5 1 7 8 2 6 3 9 
2 7 3 4 9 8 5 1 6 
6 1 4 2 7 5 8 9 3 
8 9 5 6 1 3 4 2 7 
1 6 2 8 3 7 9 4 5 
9 3 8 5 2 4 7 6 1 
5 4 7 1 6 9 3 8 2 

Board 611:
5 4 1 7 3 9 8 6 2 
9 7 8 2 6 5 4 3 1 
6 3 2 8 1 4 9 5 7 
4 5 6 3 7 8 1 2 9 
1 2 9 4 5 6 3 7 8 
3 8 7 1 9 2 5 4 6 
7 9 4 6 8 3 2 1 5 
8 6 3 5 2 1 7 9 4 
2 1 5 9 4 7 6 8 3 

Board 612:
8 4 2 7 3 5 9 6 1 
5 3 7 6 9 1 2 8 4 
6 9 1 8 4 2 5 7 3 
1 7 6 5 2 3 8 4 9 
2 8 3 4 7 9 1 5 6 
9 5 4 1 8 6 7 3 2 
7 6 9 2 5 4 3 1 8 
3 1 5 9 6 8 4 2 7 
4 2 8 3 1 7 6 9 5 

Board 613:
9 1 6 3 2 7 4 5 8 
5 8 4 6 9 1 3 7 2 
7 2 3 4 8 5 9 6 1 
4 6 1 2 7 8 5 9 3 
8 5 9 1 4 3 7 2 6 
3 7 2 5 6 9 8 1 4 
6 3 7 9 1 4 2 8 5 
1 4 8 7 5 2 6 3 9 
2 9 5 8 3 6 1 4 7 

Board 614:
8 4 9 2 3 5 7 1 6 
6 5 1 9 7 8 4 2 3 
2 3 7 1 6 4 5 9 8 
3 1 5 7 4 2 6 8 9 
9 6 8 3 5 1 2 4 7 
4 7 2 8 9 6 3 5 1 
7 2 6 4 8 9 1 3 5 
1 9 3 5 2 7 8 6 4 
5 8 4 6 1 3 9 7 2 

Board 615:
2 5 8 3 1 7 6 4 9 
3 9 7 5 6 4 2 8 1 
1 4 6 8 9 2 5 3 7 
9 6 2 4 3 1 8 7 5 
8 7 1 2 5 6 4 9 3 
5 3 4 9 7 8 1 2 6 
7 8 9 1 4 5 3 6 2 
6 2 5 7 8 3 9 1 4 
4 1 3 6 2 9 7 5 8 

Board 616:
7 1 8 3 2 9 5 4 6 
4 9 3 1 5 6 7 2 8 
2 6 5 4 7 8 1 9 3 
6 3 1 2 8 4 9 5 7 
5 2 9 6 1 7 3 8 4 
8 4 7 9 3 5 2 6 1 
3 8 4 5 9 1 6 7 2 
9 7 2 8 6 3 4 1 5 
1 5 6 7 4 2 8 3 9 

Board 617:
8 7 6 5 9 2 4 1 3 
5 2 9 4 1 3 6 8 7 
1 4 3 6 7 8 2 5 9 
2 8 5 3 6 4 9 7 1 
3 6 1 9 2 7 5 4 8 
7 9 4 8 5 1 3 2 6 
9 5 7 1 4 6 8 3 2 
4 3 2 7 8 9 1 6 5 
6 1 8 2 3 5 7 9 4 

Board 618:
3 4 6 9 7 5 2 1 8 
7 2 1 4 6 8 9 5 3 
5 8 9 2 1 3 6 7 4 
4 9 2 1 3 6 5 8 7 
6 5 8 7 2 4 3 9 1 
1 3 7 8 5 9 4 2 6 
2 7 4 3 9 1 8 6 5 
9 6 3 5 8 7 1 4 2 
8 1 5 6 4 2 7 3 9 

Board 619:
3 7 5 4 8 2 1 9 6 
1 6 9 3 7 5 4 2 8 
4 2 8 6 9 1 5 7 3 
8 9 6 7 5 3 2 1 4 
5 3 2 8 1 4 9 6 7 
7 1 4 9 2 6 3 8 5 
6 8 3 1 4 9 7 5 2 
2 4 1 5 6 7 8 3 9 
9 5 7 2 3 8 6 4 1 

Board 620:
5 8 1 3 7 2 4 6 9 
3 2 4 9 1 6 7 8 5 
7 9 6 8 4 5 1 2 3 
8 7 5 1 6 9 3 4 2 
2 1 3 5 8 4 9 7 6 
6 4 9 7 2 3 5 1 8 
9 6 8 4 3 1 2 5 7 
1 3 7 2 5 8 6 9 4 
4 5 2 6 9 7 8 3 1 

Board 621:
5 6 9 7 2 8 4 1 3 
1 3 4 5 9 6 2 8 7 
7 2 8 3 4 1 5 9 6 
4 5 7 1 8 3 6 2 9 
3 9 6 2 7 4 8 5 1 
8 1 2 6 5 9 7 3 4 
2 4 5 9 3 7 1 6 8 
6 8 3 4 1 5 9 7 2 
9 7 1 8 6 2 3 4 5 

Board 622:
9 6 5 8 4 3 2 1 7 
1 3 7 6 5 2 9 4 8 
8 2 4 1 9 7 6 5 3 
5 7 3 9 1 8 4 2 6 
6 8 1 4 2 5 3 7 9 
2 4 9 3 7 6 5 8 1 
7 9 2 5 6 1 8 3 4 
3 1 6 2 8 4 7 9 5 
4 5 8 7 3 9 1 6 2 

Board 623:
5 8 6 2 1 7 3 9 4 
4 7 2 5 3 9 8 1 6 
1 3 9 6 4 8 2 7 5 
7 5 8 3 2 6 9 4 1 
6 4 3 8 9 1 5 2 7 
9 2 1 7 5 4 6 8 3 
2 1 4 9 6 5 7 3 8 
3 6 7 4 8 2 1 5 9 
8 9 5 1 7 3 4 6 2 

Board 624:
8 9 7 4 3 6 2 1 5 
6 5 3 2 7 1 9 8 4 
2 4 1 5 8 9 7 6 3 
9 8 2 7 1 5 3 4 6 
4 1 5 3 6 2 8 9 7 
7 3 6 9 4 8 5 2 1 
5 6 9 1 2 3 4 7 8 
1 2 4 8 5 7 6 3 9 
3 7 8 6 9 4 1 5 2 

Board 625:
8 3 6 9 5 1 4 2 7 
9 7 5 6 4 2 1 3 8 
4 1 2 8 3 7 6 5 9 
2 6 7 5 1 8 9 4 3 
1 8 4 7 9 3 5 6 2 
3 5 9 2 6 4 7 8 1 
7 9 8 4 2 6 3 1 5 
6 2 3 1 7 5 8 9 4 
5 4 1 3 8 9 2 7 6 

Board 626:
6 9 7 5 2 4 1 3 8 
2 1 3 6 7 8 4 9 5 
4 5 8 3 9 1 7 2 6 
5 7 4 1 8 3 2 6 9 
9 3 6 7 4 2 8 5 1 
8 2 1 9 5 6 3 4 7 
3 8 9 2 1 5 6 7 4 
7 4 2 8 6 9 5 1 3 
1 6 5 4 3 7 9 8 2 

Board 627:
4 1 5 8 7 6 9 2 3 
8 6 9 2 3 1 4 7 5 
3 7 2 9 4 5 8 1 6 
2 3 6 1 9 4 5 8 7 
7 5 8 3 6 2 1 4 9 
9 4 1 7 5 8 3 6 2 
5 2 7 4 1 3 6 9 8 
6 9 4 5 8 7 2 3 1 
1 8 3 6 2 9 7 5 4 

Board 628:
4 6 2 3 1 7 5 8 9 
9 1 8 5 4 6 2 7 3 
3 5 7 8 2 9 1 6 4 
2 9 5 1 8 4 6 3 7 
8 4 6 2 7 3 9 5 1 
7 3 1 9 6 5 8 4 2 
5 7 9 6 3 1 4 2 8 
1 2 4 7 5 8 3 9 6 
6 8 3 4 9 2 7 1 5 

Board 629:
8 7 9 2 5 3 4 6 1 
3 2 6 7 1 4 8 5 9 
5 1 4 9 8 6 3 7 2 
9 6 1 4 3 8 5 2 7 
4 8 5 1 2 7 9 3 6 
7 3 2 5 6 9 1 4 8 
2 4 8 6 9 5 7 1 3 
1 9 7 3 4 2 6 8 5 
6 5 3 8 7 1 2 9 4 

Board 630:
4 3 7 9 1 5 6 8 2 
2 6 9 8 3 4 1 5 7 
8 5 1 7 6 2 4 3 9 
1 2 5 4 8 9 7 6 3 
7 9 4 6 5 3 8 2 1 
6 8 3 1 2 7 9 4 5 
9 1 2 5 4 8 3 7 6 
3 4 6 2 7 1 5 9 8 
5 7 8 3 9 6 2 1 4 

Board 631:
1 6 3 7 2 5 8 9 4 
4 8 9 3 1 6 2 7 5 
7 2 5 8 4 9 6 3 1 
3 5 1 2 8 7 9 4 6 
9 4 2 6 3 1 5 8 7 
8 7 6 9 5 4 1 2 3 
6 1 7 4 9 8 3 5 2 
2 9 4 5 6 3 7 1 8 
5 3 8 1 7 2 4 6 9 

Board 632:
2 6 9 7 1 5 8 4 3 
1 3 8 9 6 4 7 5 2 
5 7 4 2 8 3 6 9 1 
4 9 3 8 7 1 2 6 5 
6 1 7 3 5 2 4 8 9 
8 2 5 6 4 9 1 3 7 
7 5 2 4 9 8 3 1 6 
9 8 6 1 3 7 5 2 4 
3 4 1 5 2 6 9 7 8 

Board 633:
2 7 5 1 3 4 9 6 8 
1 4 8 5 6 9 3 7 2 
3 6 9 2 7 8 4 1 5 
6 5 4 7 9 3 2 8 1 
8 3 7 6 1 2 5 9 4 
9 2 1 4 8 5 7 3 6 
4 8 3 9 5 6 1 2 7 
7 9 2 8 4 1 6 5 3 
5 1 6 3 2 7 8 4 9 

Board 634:
4 1 9 3 5 2 6 7 8 
3 8 5 6 1 7 9 4 2 
6 2 7 8 9 4 3 5 1 
1 7 3 9 8 5 2 6 4 
2 4 8 1 7 6 5 9 3 
5 9 6 4 2 3 8 1 7 
8 5 2 7 6 1 4 3 9 
9 3 1 5 4 8 7 2 6 
7 6 4 2 3 9 1 8 5 

Board 635:
7 9 4 3 8 6 5 2 1 
5 8 2 7 9 1 6 3 4 
6 3 1 5 4 2 9 8 7 
4 2 8 6 5 7 1 9 3 
3 5 6 4 1 9 8 7 2 
1 7 9 8 2 3 4 6 5 
2 6 5 9 3 4 7 1 8 
9 4 3 1 7 8 2 5 6 
8 1 7 2 6 5 3 4 9 

Board 636:
8 2 3 6 5 1 9 4 7 
5 4 1 3 7 9 2 6 8 
6 9 7 4 8 2 3 1 5 
9 5 8 7 1 4 6 2 3 
3 1 6 9 2 5 7 8 4 
2 7 4 8 3 6 5 9 1 
1 8 5 2 6 7 4 3 9 
4 3 2 5 9 8 1 7 6 
7 6 9 1 4 3 8 5 2 

Board 637:
9 8 5 1 3 4 7 2 6 
2 3 4 5 6 7 8 9 1 
1 6 7 9 8 2 3 4 5 
3 7 8 4 5 9 1 6 2 
6 9 1 2 7 3 5 8 4 
5 4 2 8 1 6 9 7 3 
8 1 9 6 2 5 4 3 7 
4 2 3 7 9 1 6 5 8 
7 5 6 3 4 8 2 1 9 

Board 638:
9 7 4 5 3 2 6 1 8 
8 1 2 4 9 6 5 7 3 
3 5 6 8 7 1 9 4 2 
6 3 1 2 4 8 7 9 5 
4 8 5 9 6 7 3 2 1 
2 9 7 3 1 5 4 8 6 
5 2 9 6 8 4 1 3 7 
1 4 8 7 5 3 2 6 9 
7 6 3 1 2 9 8 5 4 

Board 639:
7 6 2 9 1 8 5 3 4 
1 4 3 5 6 7 9 8 2 
8 5 9 4 2 3 6 1 7 
2 9 6 3 5 1 4 7 8 
3 1 8 7 9 4 2 5 6 
5 7 4 6 8 2 3 9 1 
9 8 7 2 4 5 1 6 3 
4 3 5 1 7 6 8 2 9 
6 2 1 8 3 9 7 4 5 

Board 640:
5 9 7 6 2 4 8 1 3 
8 4 6 7 3 1 2 9 5 
1 2 3 8 9 5 6 7 4 
3 8 5 4 7 9 1 6 2 
2 1 9 3 6 8 5 4 7 
7 6 4 1 5 2 3 8 9 
9 7 2 5 8 6 4 3 1 
6 5 1 9 4 3 7 2 8 
4 3 8 2 1 7 9 5 6 

Board 641:
6 1 8 3 5 4 7 9 2 
3 9 5 6 7 2 8 4 1 
4 2 7 1 8 9 3 5 6 
8 5 9 4 6 1 2 3 7 
2 4 3 7 9 8 1 6 5 
7 6 1 2 3 5 4 8 9 
5 3 6 8 1 7 9 2 4 
9 7 2 5 4 3 6 1 8 
1 8 4 9 2 6 5 7 3 

Board 642:
4 3 9 5 2 6 7 1 8 
1 2 6 8 9 7 4 3 5 
5 7 8 4 1 3 6 9 2 
2 6 1 3 8 9 5 7 4 
7 4 5 2 6 1 9 8 3 
9 8 3 7 4 5 2 6 1 
6 5 4 9 3 8 1 2 7 
3 1 2 6 7 4 8 5 9 
8 9 7 1 5 2 3 4 6 

Board 643:
7 6 1 4 3 2 8 9 5 
8 5 3 9 7 1 6 2 4 
9 4 2 6 5 8 7 3 1 
5 1 9 8 4 3 2 6 7 
3 7 8 5 2 6 4 1 9 
4 2 6 1 9 7 5 8 3 
2 9 7 3 6 4 1 5 8 
1 3 4 2 8 5 9 7 6 
6 8 5 7 1 9 3 4 2 

Board 644:
5 4 7 6 9 3 2 8 1 
1 2 9 5 8 7 6 4 3 
6 3 8 4 1 2 7 5 9 
8 5 3 2 7 1 9 6 4 
9 1 2 3 6 4 8 7 5 
4 7 6 9 5 8 1 3 2 
2 9 4 7 3 6 5 1 8 
7 8 5 1 4 9 3 2 6 
3 6 1 8 2 5 4 9 7 

Board 645:
1 2 5 4 3 8 7 9 6 
3 6 7 1 2 9 4 8 5 
9 4 8 7 6 5 1 2 3 
7 1 4 9 8 3 6 5 2 
6 3 2 5 4 1 8 7 9 
5 8 9 6 7 2 3 1 4 
8 9 3 2 1 6 5 4 7 
4 5 1 3 9 7 2 6 8 
2 7 6 8 5 4 9 3 1 

Board 646:
2 3 6 9 4 5 8 1 7 
9 7 5 2 1 8 4 3 6 
8 1 4 7 3 6 9 2 5 
3 5 9 8 6 7 2 4 1 
4 2 7 5 9 1 3 6 8 
6 8 1 4 2 3 7 5 9 
1 4 2 6 7 9 5 8 3 
7 6 8 3 5 2 1 9 4 
5 9 3 1 8 4 6 7 2 

Board 647:
7 1 2 5 9 3 4 8 6 
5 9 3 4 6 8 2 1 7 
8 4 6 7 1 2 9 5 3 
4 3 8 1 5 6 7 2 9 
6 7 5 2 4 9 1 3 8 
9 2 1 3 8 7 5 6 4 
2 8 7 9 3 5 6 4 1 
1 6 9 8 2 4 3 7 5 
3 5 4 6 7 1 8 9 2 

Board 648:
7 4 6 8 5 2 9 1 3 
1 9 5 7 4 3 6 8 2 
2 3 8 6 1 9 5 7 4 
4 5 1 3 8 7 2 9 6 
9 8 3 5 2 6 7 4 1 
6 7 2 1 9 4 3 5 8 
3 1 9 2 7 8 4 6 5 
5 6 4 9 3 1 8 2 7 
8 2 7 4 6 5 1 3 9 

Board 649:
2 6 3 7 1 8 4 5 9 
7 5 8 9 2 4 1 3 6 
1 4 9 3 6 5 8 2 7 
6 8 7 2 3 9 5 1 4 
5 9 4 8 7 1 2 6 3 
3 1 2 4 5 6 7 9 8 
9 2 5 6 8 7 3 4 1 
4 7 1 5 9 3 6 8 2 
8 3 6 1 4 2 9 7 5 

Board 650:
5 7 8 9 6 2 1 3 4 
6 9 2 3 1 4 5 7 8 
1 4 3 5 8 7 6 2 9 
4 2 1 8 7 6 9 5 3 
9 3 6 4 2 5 8 1 7 
7 8 5 1 9 3 2 4 6 
2 5 7 6 3 9 4 8 1 
8 6 4 7 5 1 3 9 2 
3 1 9 2 4 8 7 6 5 

Board 651:
1 5 2 8 7 4 6 9 3 
9 3 7 1 6 2 8 4 5 
4 8 6 3 9 5 1 2 7 
7 4 1 5 8 9 2 3 6 
2 6 3 4 1 7 5 8 9 
8 9 5 2 3 6 7 1 4 
3 2 4 6 5 1 9 7 8 
6 7 8 9 2 3 4 5 1 
5 1 9 7 4 8 3 6 2 

Board 652:
6 1 3 2 9 7 5 8 4 
2 9 5 4 1 8 6 7 3 
7 4 8 6 3 5 1 9 2 
8 2 7 3 5 1 4 6 9 
3 5 4 7 6 9 8 2 1 
1 6 9 8 2 4 3 5 7 
9 8 1 5 4 2 7 3 6 
5 3 2 1 7 6 9 4 8 
4 7 6 9 8 3 2 1 5 

Board 653:
2 4 7 6 1 3 8 5 9 
3 8 6 9 2 5 4 1 7 
5 9 1 8 4 7 3 2 6 
7 2 5 1 6 8 9 3 4 
4 3 9 5 7 2 1 6 8 
6 1 8 4 3 9 2 7 5 
8 7 4 2 5 1 6 9 3 
1 6 3 7 9 4 5 8 2 
9 5 2 3 8 6 7 4 1 

Board 654:
3 2 1 4 7 6 8 5 9 
8 7 5 9 2 1 6 3 4 
9 4 6 5 8 3 2 1 7 
1 5 8 6 3 7 4 9 2 
7 3 2 1 9 4 5 6 8 
6 9 4 2 5 8 3 7 1 
4 8 3 7 6 9 1 2 5 
2 1 9 3 4 5 7 8 6 
5 6 7 8 1 2 9 4 3 

Board 655:
2 7 4 1 5 3 9 8 6 
8 6 3 2 9 4 7 1 5 
5 9 1 7 6 8 2 3 4 
6 4 9 5 8 1 3 7 2 
3 2 7 6 4 9 1 5 8 
1 8 5 3 2 7 4 6 9 
9 3 8 4 1 5 6 2 7 
4 1 6 8 7 2 5 9 3 
7 5 2 9 3 6 8 4 1 

Board 656:
1 6 3 5 7 2 4 9 8 
7 8 9 3 1 4 2 5 6 
5 4 2 9 8 6 3 1 7 
3 1 5 4 9 7 8 6 2 
9 7 8 2 6 5 1 3 4 
4 2 6 8 3 1 5 7 9 
6 5 7 1 2 8 9 4 3 
2 9 1 6 4 3 7 8 5 
8 3 4 7 5 9 6 2 1 

Board 657:
3 1 8 9 6 2 5 4 7 
9 2 4 7 8 5 1 3 6 
6 7 5 3 4 1 9 2 8 
8 5 6 1 7 4 3 9 2 
1 3 7 2 9 8 6 5 4 
2 4 9 6 5 3 8 7 1 
7 6 2 8 3 9 4 1 5 
4 8 3 5 1 7 2 6 9 
5 9 1 4 2 6 7 8 3 

Board 658:
9 3 6 7 4 8 1 5 2 
7 4 5 2 6 1 8 3 9 
2 1 8 5 9 3 7 4 6 
4 2 7 1 8 6 3 9 5 
5 9 1 3 2 4 6 8 7 
6 8 3 9 5 7 2 1 4 
1 5 2 6 3 9 4 7 8 
8 7 9 4 1 2 5 6 3 
3 6 4 8 7 5 9 2 1 

Board 659:
5 4 3 8 9 7 2 1 6 
7 6 9 3 2 1 4 8 5 
1 2 8 4 6 5 7 9 3 
8 3 4 9 1 6 5 7 2 
2 5 6 7 4 8 9 3 1 
9 7 1 2 5 3 8 6 4 
6 9 5 1 8 2 3 4 7 
3 8 2 6 7 4 1 5 9 
4 1 7 5 3 9 6 2 8 

Board 660:
6 2 1 3 9 8 7 4 5 
5 3 9 2 4 7 1 6 8 
4 8 7 1 6 5 3 9 2 
1 4 3 6 5 2 9 8 7 
9 6 5 7 8 3 2 1 4 
8 7 2 9 1 4 6 5 3 
7 9 4 8 3 6 5 2 1 
2 5 6 4 7 1 8 3 9 
3 1 8 5 2 9 4 7 6 

Board 661:
7 6 9 8 5 1 4 2 3 
4 1 8 3 7 2 5 6 9 
5 2 3 4 6 9 7 1 8 
6 5 7 1 4 3 9 8 2 
2 3 4 9 8 6 1 5 7 
9 8 1 7 2 5 6 3 4 
3 7 2 6 1 4 8 9 5 
1 4 5 2 9 8 3 7 6 
8 9 6 5 3 7 2 4 1 

Board 662:
6 5 1 4 3 7 9 8 2 
7 3 8 6 2 9 4 5 1 
9 4 2 8 1 5 6 7 3 
4 7 6 1 5 2 3 9 8 
5 2 9 7 8 3 1 6 4 
1 8 3 9 4 6 5 2 7 
3 6 5 2 7 1 8 4 9 
2 9 4 3 6 8 7 1 5 
8 1 7 5 9 4 2 3 6 

Board 663:
8 4 3 1 6 9 2 5 7 
5 9 7 4 3 2 6 1 8 
1 2 6 5 7 8 9 3 4 
2 6 8 3 4 7 1 9 5 
4 3 5 9 1 6 8 7 2 
7 1 9 2 8 5 4 6 3 
3 7 1 6 2 4 5 8 9 
6 5 4 8 9 3 7 2 1 
9 8 2 7 5 1 3 4 6 

Board 664:
1 8 6 5 3 4 2 9 7 
9 3 4 1 7 2 5 6 8 
7 5 2 8 9 6 3 1 4 
2 1 7 4 6 5 8 3 9 
4 9 5 3 1 8 7 2 6 
8 6 3 9 2 7 1 4 5 
5 2 9 6 8 1 4 7 3 
3 7 8 2 4 9 6 5 1 
6 4 1 7 5 3 9 8 2 

Board 665:
7 2 3 4 5 8 1 6 9 
6 1 9 2 3 7 5 8 4 
4 8 5 6 9 1 7 3 2 
9 7 8 3 4 6 2 1 5 
2 6 1 5 7 9 8 4 3 
5 3 4 1 8 2 9 7 6 
8 9 2 7 6 4 3 5 1 
1 5 6 8 2 3 4 9 7 
3 4 7 9 1 5 6 2 8 

Board 666:
5 8 3 2 4 9 6 1 7 
7 1 6 5 8 3 4 2 9 
4 2 9 6 1 7 3 5 8 
2 4 7 3 9 5 8 6 1 
3 9 5 8 6 1 2 7 4 
8 6 1 7 2 4 9 3 5 
9 7 2 4 5 6 1 8 3 
1 3 8 9 7 2 5 4 6 
6 5 4 1 3 8 7 9 2 

Board 667:
2 3 5 9 8 4 7 1 6 
7 6 4 1 3 2 8 5 9 
1 8 9 6 5 7 4 3 2 
5 2 8 4 6 9 1 7 3 
9 4 6 3 7 1 5 2 8 
3 1 7 5 2 8 9 6 4 
8 9 2 7 1 3 6 4 5 
6 7 3 8 4 5 2 9 1 
4 5 1 2 9 6 3 8 7 

Board 668:
8 6 2 3 4 1 9 7 5 
9 7 3 5 2 6 8 4 1 
5 1 4 8 9 7 6 2 3 
4 2 1 9 8 3 5 6 7 
6 3 8 2 7 5 4 1 9 
7 5 9 6 1 4 2 3 8 
3 9 6 1 5 2 7 8 4 
2 8 7 4 3 9 1 5 6 
1 4 5 7 6 8 3 9 2 

Board 669:
8 5 7 1 9 2 6 4 3 
9 6 1 7 3 4 2 5 8 
4 2 3 6 8 5 1 9 7 
6 4 9 2 5 3 7 8 1 
5 3 8 4 7 1 9 2 6 
1 7 2 9 6 8 4 3 5 
7 8 4 5 2 6 3 1 9 
2 9 5 3 1 7 8 6 4 
3 1 6 8 4 9 5 7 2 

Board 670:
6 4 5 8 3 1 7 9 2 
7 9 8 6 4 2 1 3 5 
2 1 3 7 9 5 4 8 6 
9 2 1 3 7 4 6 5 8 
5 7 6 2 8 9 3 1 4 
8 3 4 1 5 6 2 7 9 
3 5 7 4 2 8 9 6 1 
1 8 2 9 6 3 5 4 7 
4 6 9 5 1 7 8 2 3 

Board 671:
3 8 4 6 9 5 1 2 7 
7 5 6 1 2 4 3 8 9 
1 2 9 7 3 8 6 5 4 
8 7 5 3 6 2 9 4 1 
4 1 3 5 8 9 7 6 2 
9 6 2 4 1 7 5 3 8 
5 3 7 8 4 1 2 9 6 
6 9 8 2 7 3 4 1 5 
2 4 1 9 5 6 8 7 3 

Board 672:
4 2 7 6 1 5 9 3 8 
9 6 8 2 4 3 5 7 1 
5 1 3 7 8 9 6 2 4 
3 9 1 4 5 2 8 6 7 
6 4 2 8 3 7 1 9 5 
7 8 5 1 9 6 3 4 2 
2 3 9 5 7 1 4 8 6 
1 7 4 9 6 8 2 5 3 
8 5 6 3 2 4 7 1 9 

Board 673:
8 1 4 6 3 9 7 5 2 
3 6 7 8 2 5 4 1 9 
5 2 9 4 7 1 8 6 3 
2 5 6 1 8 7 3 9 4 
7 3 1 9 5 4 2 8 6 
9 4 8 3 6 2 1 7 5 
4 7 5 2 9 8 6 3 1 
1 8 3 5 4 6 9 2 7 
6 9 2 7 1 3 5 4 8 

Board 674:
7 5 8 2 3 6 1 9 4 
4 3 1 8 7 9 5 6 2 
2 6 9 4 5 1 3 8 7 
1 9 6 7 4 2 8 3 5 
5 2 3 6 9 8 4 7 1 
8 7 4 5 1 3 6 2 9 
3 1 7 9 8 4 2 5 6 
9 4 2 3 6 5 7 1 8 
6 8 5 1 2 7 9 4 3 

Board 675:
1 3 9 8 7 2 4 6 5 
2 6 4 3 9 5 7 1 8 
5 8 7 4 1 6 2 3 9 
4 7 5 2 8 1 6 9 3 
9 1 6 7 5 3 8 4 2 
3 2 8 9 6 4 1 5 7 
6 4 2 5 3 7 9 8 1 
7 9 3 1 4 8 5 2 6 
8 5 1 6 2 9 3 7 4 

Board 676:
3 9 1 4 5 6 7 8 2 
5 4 2 8 1 7 3 6 9 
8 6 7 2 3 9 1 5 4 
1 8 5 9 2 3 6 4 7 
7 3 6 1 4 5 9 2 8 
9 2 4 7 6 8 5 3 1 
6 1 9 3 8 2 4 7 5 
4 5 8 6 7 1 2 9 3 
2 7 3 5 9 4 8 1 6 

Board 677:
4 2 8 7 3 6 1 5 9 
3 7 6 9 1 5 2 8 4 
1 9 5 8 4 2 6 7 3 
8 1 9 2 5 3 4 6 7 
6 5 7 4 8 9 3 1 2 
2 4 3 1 6 7 8 9 5 
5 6 2 3 9 1 7 4 8 
9 3 4 6 7 8 5 2 1 
7 8 1 5 2 4 9 3 6 

Board 678:
9 2 7 4 1 5 8 3 6 
5 4 6 2 3 8 7 1 9 
8 3 1 9 6 7 2 5 4 
2 6 9 8 4 3 1 7 5 
7 5 8 6 9 1 3 4 2 
3 1 4 5 7 2 9 6 8 
4 9 3 7 2 6 5 8 1 
1 8 2 3 5 4 6 9 7 
6 7 5 1 8 9 4 2 3 

Board 679:
1 4 6 7 8 2 3 9 5 
3 8 9 5 6 1 2 7 4 
5 2 7 4 9 3 8 1 6 
6 9 8 1 5 4 7 2 3 
7 3 5 9 2 6 1 4 8 
4 1 2 3 7 8 5 6 9 
8 7 3 2 4 9 6 5 1 
9 5 1 6 3 7 4 8 2 
2 6 4 8 1 5 9 3 7 

Board 680:
1 8 7 9 6 5 4 3 2 
4 2 5 1 7 3 9 6 8 
3 9 6 8 4 2 7 1 5 
7 5 2 6 8 1 3 4 9 
8 3 9 4 2 7 1 5 6 
6 1 4 5 3 9 8 2 7 
5 6 3 7 9 4 2 8 1 
9 4 1 2 5 8 6 7 3 
2 7 8 3 1 6 5 9 4 

Board 681:
6 9 7 8 3 5 2 4 1 
5 2 1 9 7 4 3 8 6 
8 4 3 6 1 2 5 9 7 
2 5 8 1 6 3 4 7 9 
4 1 6 5 9 7 8 3 2 
3 7 9 4 2 8 6 1 5 
9 3 2 7 8 6 1 5 4 
7 6 4 3 5 1 9 2 8 
1 8 5 2 4 9 7 6 3 

Board 682:
8 2 4 6 7 5 9 3 1 
9 3 5 8 1 2 7 6 4 
6 1 7 4 9 3 8 2 5 
3 8 1 5 6 4 2 7 9 
4 7 9 2 3 1 6 5 8 
5 6 2 7 8 9 1 4 3 
1 5 8 3 2 7 4 9 6 
7 4 6 9 5 8 3 1 2 
2 9 3 1 4 6 5 8 7 

Board 683:
1 2 5 3 6 9 7 4 8 
9 6 7 4 2 8 5 3 1 
4 8 3 5 7 1 9 6 2 
5 9 8 7 3 6 2 1 4 
7 3 2 8 1 4 6 5 9 
6 1 4 2 9 5 8 7 3 
3 4 6 9 5 2 1 8 7 
8 5 9 1 4 7 3 2 6 
2 7 1 6 8 3 4 9 5 

Board 684:
1 2 5 8 9 3 4 6 7 
3 7 8 6 4 1 2 5 9 
4 6 9 2 5 7 8 3 1 
7 4 6 9 2 8 5 1 3 
2 5 3 1 7 6 9 8 4 
9 8 1 5 3 4 6 7 2 
8 1 4 3 6 2 7 9 5 
6 9 2 7 1 5 3 4 8 
5 3 7 4 8 9 1 2 6 

Board 685:
1 9 3 8 7 2 5 4 6 
5 6 2 4 1 9 8 3 7 
8 4 7 5 3 6 9 2 1 
9 2 6 1 8 7 3 5 4 
7 5 8 3 2 4 1 6 9 
3 1 4 9 6 5 7 8 2 
4 3 1 6 9 8 2 7 5 
2 8 5 7 4 1 6 9 3 
6 7 9 2 5 3 4 1 8 

Board 686:
5 9 4 3 2 7 6 1 8 
7 2 3 1 6 8 4 5 9 
8 1 6 9 4 5 7 3 2 
3 5 1 2 9 6 8 4 7 
9 8 7 5 1 4 2 6 3 
4 6 2 8 7 3 1 9 5 
1 7 5 4 3 2 9 8 6 
6 4 8 7 5 9 3 2 1 
2 3 9 6 8 1 5 7 4 

Board 687:
2 1 7 4 9 6 8 5 3 
5 6 4 2 3 8 1 9 7 
8 3 9 7 5 1 4 2 6 
6 8 5 1 2 3 7 4 9 
4 9 3 5 8 7 6 1 2 
7 2 1 9 6 4 3 8 5 
1 5 8 6 7 9 2 3 4 
9 4 6 3 1 2 5 7 8 
3 7 2 8 4 5 9 6 1 

Board 688:
2 9 7 6 8 1 3 5 4 
1 4 8 2 3 5 9 7 6 
3 5 6 4 7 9 8 2 1 
5 8 1 7 9 2 6 4 3 
7 6 9 5 4 3 1 8 2 
4 2 3 1 6 8 7 9 5 
8 3 2 9 5 6 4 1 7 
9 7 5 3 1 4 2 6 8 
6 1 4 8 2 7 5 3 9 

Board 689:
7 9 5 2 8 6 3 1 4 
8 4 3 5 9 1 7 6 2 
1 2 6 7 4 3 5 9 8 
3 5 4 6 2 8 1 7 9 
2 8 1 9 5 7 6 4 3 
6 7 9 1 3 4 8 2 5 
4 6 2 8 1 5 9 3 7 
9 1 8 3 7 2 4 5 6 
5 3 7 4 6 9 2 8 1 

Board 690:
7 6 8 3 1 9 5 4 2 
5 1 4 7 8 2 6 9 3 
2 9 3 5 6 4 1 7 8 
6 7 2 4 9 5 3 8 1 
8 5 1 6 7 3 9 2 4 
4 3 9 8 2 1 7 6 5 
9 4 6 1 5 8 2 3 7 
3 2 5 9 4 7 8 1 6 
1 8 7 2 3 6 4 5 9 

Board 691:
1 3 4 5 9 6 8 7 2 
9 5 7 2 8 1 3 6 4 
6 8 2 3 4 7 5 9 1 
4 2 9 1 5 3 7 8 6 
5 1 6 8 7 4 9 2 3 
8 7 3 6 2 9 1 4 5 
7 9 1 4 6 5 2 3 8 
2 4 5 9 3 8 6 1 7 
3 6 8 7 1 2 4 5 9 

Board 692:
7 1 2 6 4 9 8 5 3 
8 3 5 1 7 2 6 9 4 
4 9 6 5 8 3 7 1 2 
1 2 4 9 6 7 5 3 8 
6 7 8 2 3 5 1 4 9 
9 5 3 8 1 4 2 6 7 
5 4 9 7 2 1 3 8 6 
2 8 1 3 9 6 4 7 5 
3 6 7 4 5 8 9 2 1 

Board 693:
2 3 6 8 4 7 5 1 9 
8 1 9 5 3 6 7 4 2 
5 4 7 1 9 2 3 8 6 
6 2 1 4 8 3 9 7 5 
7 8 5 9 6 1 4 2 3 
3 9 4 7 2 5 1 6 8 
4 5 8 2 7 9 6 3 1 
9 6 2 3 1 4 8 5 7 
1 7 3 6 5 8 2 9 4 

Board 694:
3 6 7 4 1 9 5 8 2 
9 1 2 3 8 5 6 4 7 
8 5 4 2 7 6 3 9 1 
7 4 6 9 2 3 8 1 5 
1 9 5 8 4 7 2 6 3 
2 3 8 6 5 1 4 7 9 
6 7 3 5 9 8 1 2 4 
5 2 1 7 6 4 9 3 8 
4 8 9 1 3 2 7 5 6 

Board 695:
4 5 7 2 8 6 3 9 1 
1 8 9 5 3 7 4 6 2 
2 6 3 1 4 9 7 5 8 
9 2 5 3 1 8 6 4 7 
3 7 8 9 6 4 2 1 5 
6 1 4 7 2 5 8 3 9 
7 4 6 8 5 1 9 2 3 
5 9 2 4 7 3 1 8 6 
8 3 1 6 9 2 5 7 4 

Board 696:
3 6 9 5 1 7 4 8 2 
1 8 7 9 2 4 3 5 6 
2 4 5 8 6 3 1 7 9 
5 1 3 7 9 6 2 4 8 
8 7 4 1 3 2 9 6 5 
9 2 6 4 5 8 7 3 1 
6 5 1 3 4 9 8 2 7 
7 3 2 6 8 1 5 9 4 
4 9 8 2 7 5 6 1 3 

Board 697:
6 1 5 7 9 3 2 8 4 
8 7 4 1 6 2 5 9 3 
2 9 3 5 4 8 7 6 1 
7 6 1 2 8 4 3 5 9 
5 8 2 9 3 7 1 4 6 
4 3 9 6 5 1 8 7 2 
1 4 8 3 7 9 6 2 5 
3 5 7 4 2 6 9 1 8 
9 2 6 8 1 5 4 3 7 

Board 698:
5 2 1 9 3 7 8 6 4 
9 3 6 8 2 4 5 7 1 
8 7 4 5 6 1 9 2 3 
4 9 8 3 7 2 1 5 6 
7 1 3 6 9 5 2 4 8 
2 6 5 1 4 8 7 3 9 
1 5 7 4 8 6 3 9 2 
6 8 9 2 5 3 4 1 7 
3 4 2 7 1 9 6 8 5 

Board 699:
9 8 1 6 3 5 4 7 2 
3 5 7 8 2 4 9 6 1 
2 4 6 7 9 1 5 8 3 
8 1 2 9 7 6 3 5 4 
6 3 4 5 1 8 2 9 7 
5 7 9 2 4 3 6 1 8 
4 9 8 1 6 2 7 3 5 
7 2 5 3 8 9 1 4 6 
1 6 3 4 5 7 8 2 9 

Board 700:
8 1 5 3 2 6 4 7 9 
6 3 7 4 9 8 1 5 2 
4 2 9 7 5 1 8 6 3 
9 6 3 8 4 7 2 1 5 
1 8 2 9 3 5 6 4 7 
5 7 4 1 6 2 3 9 8 
3 9 6 2 7 4 5 8 1 
2 5 8 6 1 9 7 3 4 
7 4 1 5 8 3 9 2 6 

Board 701:
8 9 5 7 2 4 3 1 6 
2 3 7 1 6 9 8 5 4 
6 1 4 5 8 3 2 7 9 
5 8 2 3 1 6 9 4 7 
3 4 6 9 5 7 1 2 8 
1 7 9 8 4 2 5 6 3 
4 2 1 6 9 8 7 3 5 
9 5 3 4 7 1 6 8 2 
7 6 8 2 3 5 4 9 1 

Board 702:
3 8 6 5 7 4 1 9 2 
1 7 2 8 3 9 5 6 4 
9 5 4 1 2 6 8 3 7 
6 3 8 4 5 1 7 2 9 
5 9 1 2 6 7 4 8 3 
2 4 7 3 9 8 6 1 5 
7 2 5 6 1 3 9 4 8 
8 1 9 7 4 2 3 5 6 
4 6 3 9 8 5 2 7 1 

Board 703:
1 4 6 3 5 9 8 2 7 
8 7 5 6 4 2 3 9 1 
2 9 3 7 1 8 4 6 5 
7 5 9 4 3 6 2 1 8 
3 6 2 5 8 1 7 4 9 
4 1 8 2 9 7 5 3 6 
5 2 7 9 6 3 1 8 4 
6 8 4 1 2 5 9 7 3 
9 3 1 8 7 4 6 5 2 

Board 704:
1 3 9 6 2 4 7 8 5 
6 5 2 8 3 7 1 9 4 
4 7 8 9 1 5 6 2 3 
3 4 7 5 8 9 2 6 1 
9 1 6 2 4 3 5 7 8 
2 8 5 1 7 6 3 4 9 
5 6 4 7 9 1 8 3 2 
7 2 3 4 5 8 9 1 6 
8 9 1 3 6 2 4 5 7 

Board 705:
7 8 2 6 5 1 3 4 9 
5 3 9 4 2 8 7 6 1 
6 1 4 3 7 9 8 2 5 
8 9 1 2 4 3 6 5 7 
4 2 5 1 6 7 9 3 8 
3 7 6 8 9 5 2 1 4 
9 5 3 7 1 2 4 8 6 
1 6 8 9 3 4 5 7 2 
2 4 7 5 8 6 1 9 3 

Board 706:
5 6 3 8 1 7 9 2 4 
1 2 7 9 6 4 5 3 8 
4 9 8 3 5 2 6 7 1 
9 5 6 7 4 8 3 1 2 
3 7 4 2 9 1 8 5 6 
2 8 1 5 3 6 4 9 7 
8 4 9 1 7 3 2 6 5 
7 3 2 6 8 5 1 4 9 
6 1 5 4 2 9 7 8 3 

Board 707:
4 5 1 9 6 8 2 3 7 
2 7 9 1 4 3 5 6 8 
3 6 8 5 7 2 4 1 9 
9 3 6 4 1 5 7 8 2 
1 4 7 2 8 6 3 9 5 
8 2 5 3 9 7 6 4 1 
7 8 4 6 2 1 9 5 3 
6 1 3 7 5 9 8 2 4 
5 9 2 8 3 4 1 7 6 

Board 708:
7 3 8 4 6 9 5 2 1 
6 5 1 3 7 2 9 8 4 
2 9 4 8 1 5 3 6 7 
8 1 2 7 5 4 6 3 9 
9 7 5 6 8 3 4 1 2 
4 6 3 2 9 1 8 7 5 
3 4 7 5 2 6 1 9 8 
1 8 6 9 4 7 2 5 3 
5 2 9 1 3 8 7 4 6 

Board 709:
2 4 1 6 7 8 3 5 9 
5 7 9 4 2 3 1 6 8 
8 3 6 5 9 1 4 7 2 
1 2 4 8 3 7 6 9 5 
7 8 5 9 4 6 2 3 1 
6 9 3 1 5 2 8 4 7 
9 5 2 3 8 4 7 1 6 
3 6 8 7 1 9 5 2 4 
4 1 7 2 6 5 9 8 3 

Board 710:
9 5 7 3 1 4 6 8 2 
6 2 1 5 8 7 3 4 9 
4 3 8 6 9 2 1 7 5 
2 1 9 8 5 6 7 3 4 
8 4 6 2 7 3 5 9 1 
5 7 3 1 4 9 2 6 8 
7 9 2 4 6 1 8 5 3 
1 8 4 7 3 5 9 2 6 
3 6 5 9 2 8 4 1 7 

Board 711:
3 6 2 7 1 4 8 5 9 
8 4 1 5 3 9 2 7 6 
7 9 5 8 6 2 4 3 1 
2 5 8 1 4 6 7 9 3 
6 3 4 9 2 7 1 8 5 
1 7 9 3 5 8 6 4 2 
9 2 6 4 8 5 3 1 7 
5 8 3 6 7 1 9 2 4 
4 1 7 2 9 3 5 6 8 

Board 712:
6 4 1 5 9 8 7 2 3 
7 2 3 1 6 4 5 8 9 
5 8 9 3 2 7 4 6 1 
4 1 8 2 3 9 6 7 5 
9 5 6 7 8 1 2 3 4 
2 3 7 4 5 6 1 9 8 
3 7 2 8 4 5 9 1 6 
1 9 4 6 7 3 8 5 2 
8 6 5 9 1 2 3 4 7 

Board 713:
1 4 5 8 6 9 7 2 3 
7 3 2 4 5 1 9 8 6 
6 8 9 2 3 7 5 1 4 
8 9 6 7 4 2 3 5 1 
3 2 4 6 1 5 8 7 9 
5 7 1 3 9 8 6 4 2 
9 1 3 5 8 4 2 6 7 
2 6 8 1 7 3 4 9 5 
4 5 7 9 2 6 1 3 8 

Board 714:
4 1 2 7 9 3 5 6 8 
6 3 7 1 5 8 4 2 9 
8 9 5 4 2 6 1 3 7 
7 8 3 5 6 4 9 1 2 
9 6 1 8 7 2 3 5 4 
5 2 4 9 3 1 7 8 6 
1 4 6 3 8 7 2 9 5 
3 5 8 2 4 9 6 7 1 
2 7 9 6 1 5 8 4 3 

Board 715:
8 6 7 2 1 4 3 9 5 
3 9 4 7 5 8 2 6 1 
2 1 5 9 3 6 4 8 7 
7 4 3 6 8 9 5 1 2 
9 8 1 5 4 2 7 3 6 
6 5 2 3 7 1 9 4 8 
5 7 8 4 6 3 1 2 9 
4 2 6 1 9 7 8 5 3 
1 3 9 8 2 5 6 7 4 

Board 716:
7 1 3 6 9 8 4 2 5 
9 8 2 1 5 4 3 7 6 
6 5 4 7 3 2 9 1 8 
3 2 9 5 1 6 7 8 4 
4 7 5 8 2 9 1 6 3 
1 6 8 4 7 3 5 9 2 
5 9 6 3 8 1 2 4 7 
8 3 1 2 4 7 6 5 9 
2 4 7 9 6 5 8 3 1 

Board 717:
6 9 1 5 3 2 7 8 4 
3 7 2 4 6 8 1 9 5 
4 5 8 9 1 7 6 3 2 
7 2 6 1 4 3 8 5 9 
1 3 9 7 8 5 2 4 6 
8 4 5 6 2 9 3 7 1 
9 6 7 8 5 1 4 2 3 
5 1 3 2 7 4 9 6 8 
2 8 4 3 9 6 5 1 7 

Board 718:
6 2 3 8 5 9 1 7 4 
5 8 9 1 4 7 3 6 2 
4 1 7 2 6 3 5 9 8 
1 4 2 6 7 5 9 8 3 
7 3 8 4 9 2 6 5 1 
9 5 6 3 8 1 2 4 7 
2 6 5 7 1 4 8 3 9 
3 9 4 5 2 8 7 1 6 
8 7 1 9 3 6 4 2 5 

Board 719:
9 7 1 8 3 4 5 6 2 
8 6 2 9 1 5 4 3 7 
3 5 4 6 2 7 8 9 1 
5 4 6 1 9 3 7 2 8 
2 1 3 7 8 6 9 5 4 
7 8 9 4 5 2 6 1 3 
1 9 7 3 6 8 2 4 5 
4 3 5 2 7 9 1 8 6 
6 2 8 5 4 1 3 7 9 

Board 720:
3 4 2 1 6 7 5 9 8 
8 1 6 4 5 9 2 3 7 
9 5 7 2 3 8 4 6 1 
4 9 3 6 1 5 8 7 2 
2 6 8 3 7 4 1 5 9 
5 7 1 8 9 2 6 4 3 
6 3 5 7 8 1 9 2 4 
7 8 4 9 2 6 3 1 5 
1 2 9 5 4 3 7 8 6 

Board 721:
9 2 6 1 3 5 8 7 4 
4 8 1 7 2 6 9 3 5 
7 3 5 4 9 8 6 2 1 
3 9 4 5 1 2 7 8 6 
5 7 2 8 6 3 4 1 9 
6 1 8 9 4 7 3 5 2 
8 6 7 2 5 9 1 4 3 
2 4 9 3 7 1 5 6 8 
1 5 3 6 8 4 2 9 7 

Board 722:
7 4 5 2 9 6 1 8 3 
8 3 6 5 7 1 4 9 2 
1 2 9 4 3 8 7 5 6 
3 1 4 7 2 5 9 6 8 
5 7 8 3 6 9 2 4 1 
9 6 2 8 1 4 5 3 7 
6 8 1 9 5 2 3 7 4 
4 9 3 1 8 7 6 2 5 
2 5 7 6 4 3 8 1 9 

Board 723:
2 3 5 8 9 6 4 7 1 
1 6 8 7 3 4 2 5 9 
4 7 9 2 5 1 3 6 8 
7 4 6 1 2 8 9 3 5 
9 1 2 5 4 3 6 8 7 
8 5 3 6 7 9 1 4 2 
3 2 7 9 6 5 8 1 4 
5 8 4 3 1 2 7 9 6 
6 9 1 4 8 7 5 2 3 

Board 724:
5 4 8 7 9 6 2 3 1 
1 3 6 8 5 2 9 7 4 
2 7 9 3 4 1 5 6 8 
6 2 7 1 3 5 8 4 9 
3 1 4 9 6 8 7 2 5 
8 9 5 2 7 4 3 1 6 
9 8 2 6 1 3 4 5 7 
7 5 1 4 2 9 6 8 3 
4 6 3 5 8 7 1 9 2 

Board 725:
6 2 3 5 8 4 9 7 1 
4 8 9 1 3 7 5 2 6 
1 7 5 9 6 2 3 8 4 
5 9 7 6 2 1 4 3 8 
8 1 2 4 5 3 7 6 9 
3 6 4 7 9 8 1 5 2 
2 4 6 3 1 5 8 9 7 
9 3 1 8 7 6 2 4 5 
7 5 8 2 4 9 6 1 3 

Board 726:
4 3 1 2 8 5 6 7 9 
7 5 2 6 3 9 1 8 4 
8 9 6 7 1 4 5 2 3 
6 8 9 4 2 3 7 5 1 
3 2 7 1 5 6 4 9 8 
5 1 4 9 7 8 2 3 6 
9 7 5 8 4 1 3 6 2 
2 4 8 3 6 7 9 1 5 
1 6 3 5 9 2 8 4 7 

Board 727:
1 7 9 2 4 8 3 5 6 
3 6 4 7 9 5 8 1 2 
2 5 8 1 6 3 9 4 7 
9 3 7 6 8 1 4 2 5 
5 2 6 3 7 4 1 8 9 
8 4 1 5 2 9 7 6 3 
4 8 5 9 3 2 6 7 1 
7 1 3 8 5 6 2 9 4 
6 9 2 4 1 7 5 3 8 

Board 728:
7 3 5 9 1 6 4 2 8 
6 2 9 3 8 4 5 1 7 
8 4 1 2 7 5 9 6 3 
9 6 7 8 2 3 1 5 4 
1 8 2 5 4 7 6 3 9 
4 5 3 1 6 9 8 7 2 
2 7 8 4 5 1 3 9 6 
3 1 6 7 9 8 2 4 5 
5 9 4 6 3 2 7 8 1 

Board 729:
6 5 2 8 3 7 9 1 4 
4 3 9 2 5 1 6 8 7 
8 7 1 4 6 9 2 5 3 
7 6 5 9 8 4 3 2 1 
1 9 3 5 2 6 4 7 8 
2 8 4 1 7 3 5 6 9 
9 4 7 6 1 2 8 3 5 
3 2 8 7 4 5 1 9 6 
5 1 6 3 9 8 7 4 2 

Board 730:
4 5 7 9 8 1 3 2 6 
1 8 9 6 3 2 5 7 4 
3 2 6 7 4 5 8 1 9 
9 3 5 8 7 6 2 4 1 
7 4 2 1 9 3 6 8 5 
8 6 1 5 2 4 7 9 3 
5 1 4 2 6 8 9 3 7 
6 7 8 3 1 9 4 5 2 
2 9 3 4 5 7 1 6 8 

Board 731:
6 4 7 8 9 5 2 3 1 
3 5 9 7 2 1 8 4 6 
2 8 1 4 6 3 9 7 5 
4 9 8 3 7 6 1 5 2 
5 3 2 9 1 4 6 8 7 
1 7 6 2 5 8 3 9 4 
8 6 5 1 3 7 4 2 9 
9 1 3 5 4 2 7 6 8 
7 2 4 6 8 9 5 1 3 

Board 732:
5 2 3 6 9 1 8 7 4 
7 8 9 2 5 4 6 1 3 
1 6 4 3 8 7 2 9 5 
2 7 1 4 6 8 3 5 9 
3 4 8 9 2 5 7 6 1 
9 5 6 7 1 3 4 8 2 
8 3 2 5 7 9 1 4 6 
6 9 7 1 4 2 5 3 8 
4 1 5 8 3 6 9 2 7 

Board 733:
2 3 4 5 1 7 6 9 8 
1 5 6 3 8 9 4 2 7 
8 9 7 4 2 6 1 5 3 
3 1 5 6 4 2 7 8 9 
4 8 2 7 9 3 5 1 6 
7 6 9 8 5 1 3 4 2 
6 4 1 2 3 8 9 7 5 
9 7 8 1 6 5 2 3 4 
5 2 3 9 7 4 8 6 1 

Board 734:
1 4 9 6 5 8 2 7 3 
3 7 2 1 9 4 6 8 5 
8 5 6 7 2 3 4 1 9 
5 2 7 8 4 9 3 6 1 
4 8 3 2 6 1 5 9 7 
9 6 1 5 3 7 8 2 4 
7 1 5 4 8 2 9 3 6 
2 9 4 3 1 6 7 5 8 
6 3 8 9 7 5 1 4 2 

Board 735:
7 4 3 8 1 2 5 9 6 
5 1 6 4 9 3 7 2 8 
9 8 2 6 7 5 1 3 4 
4 2 8 1 6 7 9 5 3 
3 5 9 2 8 4 6 1 7 
1 6 7 3 5 9 8 4 2 
8 9 4 5 2 6 3 7 1 
6 3 5 7 4 1 2 8 9 
2 7 1 9 3 8 4 6 5 

Board 736:
2 3 6 7 1 5 9 8 4 
5 1 7 8 4 9 6 3 2 
9 8 4 6 3 2 1 7 5 
6 7 3 1 9 4 2 5 8 
8 4 5 2 7 6 3 9 1 
1 2 9 5 8 3 7 4 6 
4 9 8 3 2 1 5 6 7 
3 6 2 4 5 7 8 1 9 
7 5 1 9 6 8 4 2 3 

Board 737:
6 2 9 7 1 5 3 8 4 
1 8 4 3 9 6 5 2 7 
5 3 7 4 8 2 1 9 6 
7 9 2 8 6 1 4 3 5 
3 1 8 9 5 4 6 7 2 
4 6 5 2 3 7 9 1 8 
2 7 3 5 4 9 8 6 1 
8 5 1 6 7 3 2 4 9 
9 4 6 1 2 8 7 5 3 

Board 738:
9 3 8 5 1 4 2 7 6 
7 5 1 6 3 2 4 8 9 
4 6 2 7 9 8 5 1 3 
3 8 4 9 5 1 6 2 7 
6 1 5 2 8 7 9 3 4 
2 7 9 4 6 3 8 5 1 
8 4 7 3 2 9 1 6 5 
1 9 6 8 7 5 3 4 2 
5 2 3 1 4 6 7 9 8 

Board 739:
2 4 9 5 1 6 3 7 8 
8 6 7 3 4 9 5 1 2 
3 5 1 8 7 2 6 4 9 
7 3 2 1 6 5 8 9 4 
5 1 8 9 3 4 2 6 7 
4 9 6 2 8 7 1 3 5 
9 8 4 6 5 3 7 2 1 
6 7 5 4 2 1 9 8 3 
1 2 3 7 9 8 4 5 6 

Board 740:
1 3 8 9 7 4 6 2 5 
6 7 4 5 1 2 3 8 9 
2 5 9 6 8 3 4 1 7 
5 6 1 2 4 9 7 3 8 
7 9 3 8 6 1 2 5 4 
4 8 2 3 5 7 9 6 1 
9 1 5 4 3 6 8 7 2 
3 4 7 1 2 8 5 9 6 
8 2 6 7 9 5 1 4 3 

Board 741:
5 6 9 1 7 2 4 8 3 
2 3 4 9 6 8 1 5 7 
1 7 8 5 3 4 9 6 2 
3 9 1 6 5 7 2 4 8 
7 5 2 4 8 3 6 9 1 
4 8 6 2 9 1 7 3 5 
6 4 7 8 1 5 3 2 9 
9 1 5 3 2 6 8 7 4 
8 2 3 7 4 9 5 1 6 

Board 742:
9 1 7 2 8 3 4 5 6 
8 3 2 4 5 6 7 9 1 
4 6 5 1 7 9 2 8 3 
2 9 8 6 1 5 3 4 7 
3 4 6 7 2 8 5 1 9 
7 5 1 9 3 4 6 2 8 
1 7 9 5 6 2 8 3 4 
6 2 3 8 4 1 9 7 5 
5 8 4 3 9 7 1 6 2 

Board 743:
2 9 8 1 6 4 3 5 7 
6 3 5 2 7 9 4 1 8 
7 4 1 8 3 5 6 9 2 
1 5 7 3 4 8 2 6 9 
8 6 3 5 9 2 7 4 1 
9 2 4 7 1 6 5 8 3 
5 8 6 9 2 3 1 7 4 
3 7 9 4 5 1 8 2 6 
4 1 2 6 8 7 9 3 5 

Board 744:
3 2 7 6 8 5 9 1 4 
6 9 1 3 2 4 7 5 8 
4 8 5 9 1 7 2 3 6 
7 5 2 4 6 9 3 8 1 
9 1 6 7 3 8 5 4 2 
8 4 3 1 5 2 6 9 7 
2 3 8 5 7 1 4 6 9 
1 6 9 2 4 3 8 7 5 
5 7 4 8 9 6 1 2 3 

Board 745:
4 9 6 1 2 7 3 8 5 
3 7 2 8 6 5 1 4 9 
1 5 8 4 9 3 7 2 6 
9 6 4 2 1 8 5 7 3 
8 2 3 5 7 9 6 1 4 
5 1 7 3 4 6 8 9 2 
6 4 5 9 8 1 2 3 7 
2 3 1 7 5 4 9 6 8 
7 8 9 6 3 2 4 5 1 

Board 746:
1 8 9 4 3 2 5 7 6 
2 3 7 6 1 5 8 9 4 
6 4 5 8 7 9 3 2 1 
8 1 3 7 6 4 9 5 2 
7 5 4 2 9 1 6 8 3 
9 2 6 5 8 3 1 4 7 
4 7 1 3 5 8 2 6 9 
5 9 2 1 4 6 7 3 8 
3 6 8 9 2 7 4 1 5 

Board 747:
8 3 1 9 7 6 2 5 4 
5 9 2 8 3 4 7 1 6 
7 6 4 2 1 5 9 3 8 
9 4 3 6 5 1 8 2 7 
1 7 6 3 8 2 4 9 5 
2 5 8 4 9 7 1 6 3 
6 8 7 5 2 9 3 4 1 
3 2 5 1 4 8 6 7 9 
4 1 9 7 6 3 5 8 2 

Board 748:
9 4 7 6 5 2 1 8 3 
1 8 2 4 3 9 5 7 6 
6 3 5 7 1 8 9 2 4 
3 1 9 5 6 7 8 4 2 
4 2 8 3 9 1 7 6 5 
7 5 6 8 2 4 3 9 1 
2 6 1 9 7 3 4 5 8 
8 9 3 2 4 5 6 1 7 
5 7 4 1 8 6 2 3 9 

Board 749:
6 9 3 4 7 8 5 1 2 
8 5 1 9 2 6 3 4 7 
2 7 4 5 3 1 8 9 6 
9 8 5 1 4 2 6 7 3 
1 6 7 3 8 5 4 2 9 
3 4 2 7 6 9 1 5 8 
7 2 8 6 5 4 9 3 1 
4 3 9 8 1 7 2 6 5 
5 1 6 2 9 3 7 8 4 

Board 750:
3 9 6 5 8 2 4 1 7 
2 8 4 3 7 1 5 9 6 
1 7 5 6 9 4 8 3 2 
7 3 9 1 4 6 2 5 8 
6 1 8 2 5 9 7 4 3 
4 5 2 7 3 8 9 6 1 
5 2 3 4 6 7 1 8 9 
8 6 1 9 2 5 3 7 4 
9 4 7 8 1 3 6 2 5 

Board 751:
2 6 1 7 4 9 3 8 5 
8 3 4 5 2 6 7 9 1 
7 5 9 8 1 3 6 2 4 
9 8 6 1 7 5 2 4 3 
3 1 5 4 6 2 9 7 8 
4 2 7 3 9 8 1 5 6 
5 9 3 6 8 7 4 1 2 
6 4 2 9 5 1 8 3 7 
1 7 8 2 3 4 5 6 9 

Board 752:
3 1 5 2 7 8 6 4 9 
8 9 2 4 6 3 5 7 1 
4 7 6 5 9 1 8 3 2 
6 8 1 7 4 5 9 2 3 
5 2 9 3 1 6 7 8 4 
7 3 4 9 8 2 1 6 5 
1 4 3 6 5 7 2 9 8 
9 6 8 1 2 4 3 5 7 
2 5 7 8 3 9 4 1 6 

Board 753:
1 6 9 7 8 2 5 4 3 
4 7 8 5 6 3 2 1 9 
3 5 2 1 9 4 7 8 6 
8 3 5 4 2 1 6 9 7 
9 1 6 3 7 8 4 2 5 
7 2 4 6 5 9 1 3 8 
2 9 7 8 4 5 3 6 1 
5 8 1 2 3 6 9 7 4 
6 4 3 9 1 7 8 5 2 

Board 754:
7 8 5 4 3 1 2 9 6 
1 6 2 8 5 9 7 3 4 
4 9 3 6 7 2 8 1 5 
8 3 6 7 2 4 9 5 1 
5 2 1 9 6 3 4 8 7 
9 7 4 1 8 5 3 6 2 
3 1 9 2 4 6 5 7 8 
2 5 8 3 1 7 6 4 9 
6 4 7 5 9 8 1 2 3 

Board 755:
7 4 8 9 5 3 6 2 1 
3 9 1 7 2 6 5 4 8 
6 2 5 4 1 8 9 3 7 
4 1 7 8 6 5 2 9 3 
9 6 2 3 7 1 8 5 4 
8 5 3 2 4 9 7 1 6 
1 8 9 6 3 2 4 7 5 
5 7 6 1 9 4 3 8 2 
2 3 4 5 8 7 1 6 9 

Board 756:
6 5 7 3 8 2 4 1 9 
2 1 8 5 9 4 3 6 7 
9 3 4 7 6 1 2 8 5 
3 9 1 2 4 8 5 7 6 
5 8 2 6 1 7 9 3 4 
7 4 6 9 5 3 8 2 1 
1 6 5 8 2 9 7 4 3 
8 7 9 4 3 6 1 5 2 
4 2 3 1 7 5 6 9 8 

Board 757:
3 2 8 6 4 9 5 1 7 
6 4 9 7 5 1 2 3 8 
1 7 5 2 3 8 6 4 9 
8 6 2 1 7 5 4 9 3 
9 1 7 4 6 3 8 5 2 
5 3 4 9 8 2 1 7 6 
2 8 3 5 9 4 7 6 1 
4 9 6 8 1 7 3 2 5 
7 5 1 3 2 6 9 8 4 

Board 758:
3 5 1 9 2 8 7 4 6 
9 7 8 6 4 3 5 2 1 
4 6 2 7 5 1 3 8 9 
7 1 6 5 3 4 8 9 2 
8 3 4 2 1 9 6 7 5 
2 9 5 8 7 6 4 1 3 
5 2 3 4 9 7 1 6 8 
1 8 7 3 6 2 9 5 4 
6 4 9 1 8 5 2 3 7 

Board 759:
3 9 7 2 8 4 5 6 1 
6 2 1 7 9 5 3 8 4 
8 4 5 6 1 3 2 7 9 
9 6 2 4 3 8 1 5 7 
5 7 4 1 6 9 8 3 2 
1 8 3 5 2 7 9 4 6 
7 5 9 8 4 1 6 2 3 
2 1 8 3 7 6 4 9 5 
4 3 6 9 5 2 7 1 8 

Board 760:
6 2 8 9 5 7 1 3 4 
7 5 9 1 4 3 6 8 2 
1 3 4 6 8 2 5 7 9 
5 8 7 2 6 9 3 4 1 
4 9 6 8 3 1 7 2 5 
3 1 2 4 7 5 9 6 8 
9 7 3 5 2 4 8 1 6 
8 4 5 7 1 6 2 9 3 
2 6 1 3 9 8 4 5 7 

Board 761:
7 6 8 9 5 3 4 1 2 
5 1 9 2 8 4 3 7 6 
2 3 4 7 6 1 8 9 5 
1 8 6 3 7 5 9 2 4 
4 5 2 6 1 9 7 3 8 
9 7 3 4 2 8 6 5 1 
8 4 1 5 3 7 2 6 9 
6 9 7 1 4 2 5 8 3 
3 2 5 8 9 6 1 4 7 

Board 762:
1 4 7 2 6 5 9 8 3 
9 3 2 8 4 7 5 6 1 
8 6 5 3 1 9 4 7 2 
4 1 8 6 7 2 3 5 9 
3 5 9 4 8 1 7 2 6 
2 7 6 5 9 3 8 1 4 
5 2 1 7 3 4 6 9 8 
6 9 4 1 5 8 2 3 7 
7 8 3 9 2 6 1 4 5 

Board 763:
1 3 7 2 8 6 4 5 9 
4 2 6 9 3 5 7 8 1 
8 5 9 7 1 4 6 2 3 
9 6 2 8 4 7 1 3 5 
7 1 4 3 5 9 8 6 2 
5 8 3 1 6 2 9 7 4 
2 4 8 5 7 1 3 9 6 
3 9 1 6 2 8 5 4 7 
6 7 5 4 9 3 2 1 8 

Board 764:
6 3 5 1 7 9 4 2 8 
9 4 1 2 8 6 5 3 7 
7 8 2 5 4 3 1 6 9 
4 6 8 9 2 5 7 1 3 
1 5 3 4 6 7 8 9 2 
2 9 7 8 3 1 6 4 5 
8 2 9 6 5 4 3 7 1 
5 7 6 3 1 2 9 8 4 
3 1 4 7 9 8 2 5 6 

Board 765:
5 9 6 1 8 4 3 2 7 
2 1 8 3 6 7 4 9 5 
3 7 4 2 5 9 8 6 1 
4 2 3 6 9 1 7 5 8 
6 5 9 7 3 8 1 4 2 
7 8 1 4 2 5 9 3 6 
1 3 5 9 7 2 6 8 4 
8 6 7 5 4 3 2 1 9 
9 4 2 8 1 6 5 7 3 

Board 766:
9 1 8 3 4 6 7 5 2 
4 2 7 8 5 9 3 6 1 
5 6 3 2 1 7 9 8 4 
6 3 5 7 9 1 4 2 8 
7 9 2 6 8 4 1 3 5 
8 4 1 5 2 3 6 7 9 
1 5 6 4 7 8 2 9 3 
2 7 9 1 3 5 8 4 6 
3 8 4 9 6 2 5 1 7 

Board 767:
5 8 7 1 3 2 9 4 6 
4 3 9 6 7 5 8 2 1 
6 1 2 8 9 4 5 3 7 
1 7 5 2 6 9 4 8 3 
9 6 8 7 4 3 2 1 5 
3 2 4 5 1 8 6 7 9 
8 5 1 9 2 7 3 6 4 
7 9 3 4 8 6 1 5 2 
2 4 6 3 5 1 7 9 8 

Board 768:
3 8 6 9 7 1 4 2 5 
5 7 9 3 4 2 6 1 8 
1 4 2 5 8 6 3 9 7 
7 1 8 6 3 4 2 5 9 
2 6 3 8 9 5 7 4 1 
4 9 5 2 1 7 8 3 6 
8 2 1 4 6 9 5 7 3 
6 5 7 1 2 3 9 8 4 
9 3 4 7 5 8 1 6 2 

Board 769:
3 4 8 6 7 2 9 5 1 
9 1 2 5 4 3 7 8 6 
7 5 6 1 9 8 2 4 3 
2 7 1 9 8 6 5 3 4 
5 8 3 2 1 4 6 7 9 
6 9 4 7 3 5 1 2 8 
4 6 7 8 5 1 3 9 2 
1 3 9 4 2 7 8 6 5 
8 2 5 3 6 9 4 1 7 

Board 770:
6 5 9 7 1 2 4 8 3 
7 4 1 3 5 8 9 2 6 
2 8 3 4 9 6 5 1 7 
9 3 4 5 7 1 2 6 8 
1 2 5 6 8 4 3 7 9 
8 7 6 9 2 3 1 5 4 
3 1 2 8 4 7 6 9 5 
5 6 8 1 3 9 7 4 2 
4 9 7 2 6 5 8 3 1 

Board 771:
8 2 7 9 4 6 5 1 3 
1 6 3 8 2 5 7 4 9 
4 9 5 1 3 7 6 8 2 
6 1 9 5 7 2 4 3 8 
5 8 4 6 9 3 1 2 7 
7 3 2 4 8 1 9 6 5 
3 4 1 7 5 8 2 9 6 
2 7 6 3 1 9 8 5 4 
9 5 8 2 6 4 3 7 1 

Board 772:
9 1 8 3 7 4 6 2 5 
6 4 3 8 5 2 1 7 9 
5 2 7 1 9 6 8 3 4 
2 9 1 6 3 8 5 4 7 
3 8 4 5 2 7 9 1 6 
7 5 6 4 1 9 2 8 3 
1 3 9 7 8 5 4 6 2 
8 6 5 2 4 3 7 9 1 
4 7 2 9 6 1 3 5 8 

Board 773:
3 7 1 8 9 4 5 6 2 
9 6 8 7 5 2 4 3 1 
4 2 5 3 6 1 7 9 8 
1 4 6 5 8 7 3 2 9 
5 9 7 6 2 3 1 8 4 
2 8 3 4 1 9 6 7 5 
6 3 2 1 4 8 9 5 7 
8 5 4 9 7 6 2 1 3 
7 1 9 2 3 5 8 4 6 

Board 774:
9 4 8 5 1 7 3 2 6 
5 1 3 6 9 2 8 4 7 
6 7 2 8 4 3 9 1 5 
2 6 1 3 7 4 5 9 8 
3 5 9 2 8 6 1 7 4 
4 8 7 9 5 1 6 3 2 
1 3 4 7 6 5 2 8 9 
8 2 5 4 3 9 7 6 1 
7 9 6 1 2 8 4 5 3 

Board 775:
5 4 1 6 3 8 7 9 2 
9 3 8 2 5 7 4 6 1 
2 7 6 4 1 9 8 3 5 
7 5 3 1 9 6 2 8 4 
6 2 9 5 8 4 1 7 3 
8 1 4 7 2 3 9 5 6 
1 6 2 8 7 5 3 4 9 
4 9 7 3 6 1 5 2 8 
3 8 5 9 4 2 6 1 7 

Board 776:
6 3 9 2 4 7 1 8 5 
2 5 1 9 6 8 7 3 4 
8 4 7 5 1 3 9 2 6 
7 6 8 1 3 2 5 4 9 
4 1 2 7 9 5 3 6 8 
3 9 5 6 8 4 2 1 7 
9 2 3 4 7 6 8 5 1 
1 8 6 3 5 9 4 7 2 
5 7 4 8 2 1 6 9 3 

Board 777:
5 8 1 3 9 2 7 4 6 
3 9 6 8 7 4 5 1 2 
4 7 2 6 1 5 8 9 3 
9 4 8 1 6 3 2 7 5 
1 5 3 9 2 7 6 8 4 
2 6 7 5 4 8 1 3 9 
8 3 4 7 5 6 9 2 1 
7 1 5 2 3 9 4 6 8 
6 2 9 4 8 1 3 5 7 

Board 778:
3 7 4 6 5 9 1 8 2 
8 6 9 4 1 2 5 3 7 
2 1 5 8 7 3 6 4 9 
7 9 2 5 3 6 4 1 8 
6 8 1 2 4 7 9 5 3 
5 4 3 1 9 8 7 2 6 
4 2 8 7 6 1 3 9 5 
9 5 7 3 2 4 8 6 1 
1 3 6 9 8 5 2 7 4 

Board 779:
2 9 5 6 1 4 7 8 3 
7 3 6 8 9 5 2 4 1 
4 8 1 3 2 7 5 6 9 
8 5 4 1 7 2 9 3 6 
3 6 9 4 5 8 1 7 2 
1 7 2 9 3 6 8 5 4 
5 1 3 7 6 9 4 2 8 
9 4 7 2 8 3 6 1 5 
6 2 8 5 4 1 3 9 7 

Board 780:
7 6 3 8 5 9 4 1 2 
4 2 1 3 7 6 8 5 9 
8 9 5 1 2 4 3 7 6 
6 3 2 7 9 8 5 4 1 
5 8 7 2 4 1 9 6 3 
9 1 4 6 3 5 2 8 7 
2 4 9 5 1 7 6 3 8 
1 5 8 9 6 3 7 2 4 
3 7 6 4 8 2 1 9 5 

Board 781:
9 3 5 6 2 7 1 4 8 
4 2 1 5 3 8 7 6 9 
6 7 8 4 1 9 3 5 2 
2 1 6 9 8 4 5 3 7 
7 8 9 3 6 5 2 1 4 
3 5 4 1 7 2 9 8 6 
8 4 3 7 9 1 6 2 5 
5 6 7 2 4 3 8 9 1 
1 9 2 8 5 6 4 7 3 

Board 782:
9 8 5 3 7 6 1 4 2 
1 3 4 2 5 8 9 6 7 
6 2 7 1 9 4 3 5 8 
3 9 2 4 1 5 8 7 6 
8 7 6 9 3 2 4 1 5 
4 5 1 8 6 7 2 9 3 
7 1 8 6 4 3 5 2 9 
5 4 3 7 2 9 6 8 1 
2 6 9 5 8 1 7 3 4 

Board 783:
8 7 3 5 2 6 4 1 9 
2 4 6 8 9 1 3 7 5 
9 5 1 4 7 3 8 6 2 
3 1 9 7 4 8 5 2 6 
4 2 8 9 6 5 1 3 7 
5 6 7 1 3 2 9 4 8 
7 8 4 2 1 9 6 5 3 
1 3 5 6 8 7 2 9 4 
6 9 2 3 5 4 7 8 1 

Board 784:
1 3 6 7 8 9 2 5 4 
8 7 9 5 2 4 6 1 3 
2 4 5 3 1 6 9 8 7 
5 6 8 1 3 2 4 7 9 
4 2 1 9 6 7 5 3 8 
3 9 7 8 4 5 1 6 2 
6 1 2 4 7 3 8 9 5 
7 5 4 6 9 8 3 2 1 
9 8 3 2 5 1 7 4 6 

Board 785:
7 3 5 6 8 2 4 1 9 
8 2 1 9 3 4 7 5 6 
4 9 6 1 7 5 2 8 3 
3 1 9 4 2 8 5 6 7 
2 8 7 5 9 6 3 4 1 
5 6 4 7 1 3 9 2 8 
6 5 3 8 4 7 1 9 2 
9 7 8 2 5 1 6 3 4 
1 4 2 3 6 9 8 7 5 

Board 786:
7 1 4 3 2 9 8 6 5 
2 6 9 7 5 8 1 4 3 
8 5 3 1 6 4 7 9 2 
1 3 8 6 9 7 5 2 4 
9 2 5 4 8 1 3 7 6 
4 7 6 5 3 2 9 8 1 
6 8 7 2 1 3 4 5 9 
5 9 1 8 4 6 2 3 7 
3 4 2 9 7 5 6 1 8 

Board 787:
5 8 1 4 9 2 3 7 6 
2 9 7 8 3 6 1 5 4 
6 4 3 5 1 7 2 8 9 
9 7 5 3 6 8 4 1 2 
3 6 4 1 2 5 7 9 8 
8 1 2 7 4 9 6 3 5 
4 5 9 6 7 1 8 2 3 
1 2 6 9 8 3 5 4 7 
7 3 8 2 5 4 9 6 1 

Board 788:
7 3 6 4 9 1 2 5 8 
9 2 8 3 5 7 1 4 6 
5 4 1 2 6 8 3 9 7 
6 1 9 5 8 3 7 2 4 
4 7 5 6 1 2 9 8 3 
2 8 3 9 7 4 6 1 5 
8 6 7 1 4 9 5 3 2 
1 5 2 8 3 6 4 7 9 
3 9 4 7 2 5 8 6 1 

Board 789:
7 9 4 2 3 6 5 1 8 
1 5 8 4 9 7 2 3 6 
6 2 3 8 5 1 9 4 7 
2 8 1 7 6 4 3 9 5 
5 4 7 9 8 3 1 6 2 
3 6 9 1 2 5 7 8 4 
8 3 6 5 1 2 4 7 9 
9 7 5 3 4 8 6 2 1 
4 1 2 6 7 9 8 5 3 

Board 790:
4 1 3 5 6 8 2 9 7 
7 5 9 1 3 2 8 4 6 
2 8 6 4 7 9 1 3 5 
6 3 7 2 5 4 9 1 8 
9 4 5 8 1 3 6 7 2 
8 2 1 7 9 6 3 5 4 
1 6 2 9 4 5 7 8 3 
5 9 8 3 2 7 4 6 1 
3 7 4 6 8 1 5 2 9 

Board 791:
7 4 1 5 3 8 2 6 9 
3 8 5 6 9 2 1 7 4 
6 9 2 7 4 1 8 3 5 
1 3 9 4 8 6 7 5 2 
8 6 4 2 5 7 9 1 3 
2 5 7 3 1 9 4 8 6 
9 1 3 8 6 4 5 2 7 
5 7 8 9 2 3 6 4 1 
4 2 6 1 7 5 3 9 8 

Board 792:
7 6 1 3 8 5 9 2 4 
5 2 4 7 9 1 8 6 3 
3 8 9 2 4 6 1 5 7 
2 3 8 1 6 9 4 7 5 
1 9 7 5 3 4 6 8 2 
4 5 6 8 7 2 3 1 9 
6 1 5 4 2 3 7 9 8 
9 7 3 6 5 8 2 4 1 
8 4 2 9 1 7 5 3 6 

Board 793:
6 2 5 3 9 1 4 7 8 
4 9 3 2 8 7 6 5 1 
1 7 8 5 4 6 9 3 2 
5 3 2 6 7 8 1 9 4 
9 6 7 1 5 4 2 8 3 
8 4 1 9 3 2 5 6 7 
7 5 6 4 2 3 8 1 9 
3 1 4 8 6 9 7 2 5 
2 8 9 7 1 5 3 4 6 

Board 794:
8 5 9 1 7 2 3 4 6 
1 2 4 6 5 3 7 8 9 
6 3 7 8 4 9 1 2 5 
5 7 1 2 8 6 9 3 4 
9 6 8 3 1 4 2 5 7 
3 4 2 7 9 5 8 6 1 
4 8 6 9 3 7 5 1 2 
2 9 3 5 6 1 4 7 8 
7 1 5 4 2 8 6 9 3 

Board 795:
6 8 4 1 7 9 2 3 5 
1 7 3 6 5 2 4 9 8 
2 5 9 8 4 3 1 7 6 
5 2 6 3 1 7 9 8 4 
8 9 7 4 2 5 3 6 1 
4 3 1 9 8 6 5 2 7 
7 6 2 5 3 1 8 4 9 
9 1 8 2 6 4 7 5 3 
3 4 5 7 9 8 6 1 2 

Board 796:
4 5 1 3 9 6 8 7 2 
9 6 2 5 7 8 3 4 1 
3 8 7 4 2 1 6 5 9 
2 7 8 9 1 5 4 6 3 
1 4 5 7 6 3 2 9 8 
6 9 3 8 4 2 5 1 7 
5 1 6 2 8 9 7 3 4 
7 2 9 6 3 4 1 8 5 
8 3 4 1 5 7 9 2 6 

Board 797:
5 2 6 3 1 9 8 7 4 
3 8 9 7 4 2 5 1 6 
1 4 7 5 6 8 2 3 9 
4 3 5 8 9 6 1 2 7 
8 9 2 1 3 7 6 4 5 
7 6 1 4 2 5 3 9 8 
2 7 4 6 8 1 9 5 3 
9 5 8 2 7 3 4 6 1 
6 1 3 9 5 4 7 8 2 

Board 798:
7 9 2 6 5 1 8 4 3 
5 4 8 3 7 2 6 1 9 
1 3 6 4 9 8 5 2 7 
2 1 7 8 3 4 9 6 5 
6 5 9 1 2 7 3 8 4 
3 8 4 5 6 9 2 7 1 
9 7 5 2 1 6 4 3 8 
4 6 3 7 8 5 1 9 2 
8 2 1 9 4 3 7 5 6 

Board 799:
3 4 1 5 6 9 8 7 2 
5 9 8 3 7 2 1 4 6 
6 2 7 4 1 8 3 5 9 
9 6 4 1 8 5 2 3 7 
7 5 3 6 2 4 9 1 8 
1 8 2 7 9 3 5 6 4 
8 1 5 2 4 6 7 9 3 
4 7 9 8 3 1 6 2 5 
2 3 6 9 5 7 4 8 1 

Board 800:
7 2 1 9 4 3 5 8 6 
3 4 6 5 7 8 2 1 9 
8 9 5 6 2 1 4 3 7 
4 1 2 3 6 5 7 9 8 
9 6 3 2 8 7 1 5 4 
5 8 7 4 1 9 6 2 3 
6 5 8 1 9 4 3 7 2 
1 7 4 8 3 2 9 6 5 
2 3 9 7 5 6 8 4 1 

Board 801:
4 5 9 6 7 3 2 1 8 
7 2 8 4 1 9 6 3 5 
1 3 6 5 2 8 9 7 4 
5 9 3 2 8 4 1 6 7 
6 4 7 9 5 1 3 8 2 
8 1 2 3 6 7 5 4 9 
3 8 1 7 9 5 4 2 6 
2 7 5 1 4 6 8 9 3 
9 6 4 8 3 2 7 5 1 

Board 802:
3 5 7 2 4 6 8 9 1 
1 9 4 5 3 8 2 7 6 
6 2 8 7 9 1 3 5 4 
8 3 9 6 1 7 4 2 5 
5 6 1 9 2 4 7 8 3 
4 7 2 3 8 5 1 6 9 
9 8 6 4 7 3 5 1 2 
2 1 3 8 5 9 6 4 7 
7 4 5 1 6 2 9 3 8 

Board 803:
8 2 7 3 5 9 4 6 1 
5 9 1 2 6 4 7 8 3 
4 6 3 1 7 8 5 9 2 
7 3 6 5 4 2 9 1 8 
1 4 9 7 8 3 6 2 5 
2 5 8 6 9 1 3 4 7 
3 8 5 9 1 6 2 7 4 
9 1 2 4 3 7 8 5 6 
6 7 4 8 2 5 1 3 9 

Board 804:
3 5 6 9 4 7 2 8 1 
2 4 1 5 6 8 7 9 3 
9 7 8 1 3 2 6 5 4 
4 8 3 7 1 6 5 2 9 
5 1 7 8 2 9 3 4 6 
6 2 9 3 5 4 1 7 8 
7 9 5 6 8 3 4 1 2 
8 6 2 4 7 1 9 3 5 
1 3 4 2 9 5 8 6 7 

Board 805:
9 7 1 8 4 5 6 3 2 
8 5 3 9 2 6 4 1 7 
4 2 6 3 1 7 8 9 5 
6 8 9 1 5 2 3 7 4 
3 4 7 6 8 9 5 2 1 
2 1 5 7 3 4 9 6 8 
7 3 4 2 9 8 1 5 6 
5 9 2 4 6 1 7 8 3 
1 6 8 5 7 3 2 4 9 

Board 806:
1 2 8 6 5 9 7 3 4 
3 7 9 4 2 1 5 8 6 
4 5 6 8 7 3 9 1 2 
5 1 2 3 8 6 4 7 9 
6 4 3 9 1 7 8 2 5 
9 8 7 2 4 5 3 6 1 
7 6 5 1 9 8 2 4 3 
2 9 1 7 3 4 6 5 8 
8 3 4 5 6 2 1 9 7 

Board 807:
9 7 3 5 1 8 6 2 4 
6 1 4 2 7 3 5 8 9 
5 8 2 9 6 4 1 3 7 
1 2 7 3 9 6 4 5 8 
8 5 6 4 2 1 9 7 3 
4 3 9 7 8 5 2 6 1 
7 6 5 1 3 9 8 4 2 
3 9 8 6 4 2 7 1 5 
2 4 1 8 5 7 3 9 6 

Board 808:
1 9 7 2 6 8 3 5 4 
2 6 8 4 5 3 7 1 9 
3 4 5 1 7 9 2 6 8 
5 2 9 8 4 1 6 7 3 
6 3 1 9 2 7 4 8 5 
8 7 4 5 3 6 1 9 2 
7 5 3 6 9 2 8 4 1 
4 8 2 7 1 5 9 3 6 
9 1 6 3 8 4 5 2 7 

Board 809:
4 8 3 7 2 6 9 1 5 
5 6 7 8 9 1 3 2 4 
2 1 9 4 3 5 8 6 7 
3 4 2 6 5 8 1 7 9 
1 9 6 3 7 4 5 8 2 
8 7 5 9 1 2 6 4 3 
9 3 8 2 6 7 4 5 1 
7 5 4 1 8 3 2 9 6 
6 2 1 5 4 9 7 3 8 

Board 810:
9 1 8 3 7 5 6 4 2 
7 3 2 6 8 4 1 5 9 
6 4 5 1 9 2 7 3 8 
4 2 9 5 3 7 8 1 6 
8 6 1 4 2 9 5 7 3 
5 7 3 8 1 6 9 2 4 
3 8 7 9 4 1 2 6 5 
2 5 4 7 6 8 3 9 1 
1 9 6 2 5 3 4 8 7 

Board 811:
8 5 9 3 4 7 1 2 6 
1 2 4 6 8 5 3 7 9 
7 6 3 9 2 1 5 8 4 
4 9 1 7 5 8 6 3 2 
3 7 5 1 6 2 4 9 8 
2 8 6 4 9 3 7 1 5 
9 4 7 8 1 6 2 5 3 
5 1 8 2 3 4 9 6 7 
6 3 2 5 7 9 8 4 1 

Board 812:
3 7 9 5 6 1 2 4 8 
8 1 2 9 3 4 7 5 6 
6 5 4 8 2 7 3 1 9 
9 2 3 6 5 8 4 7 1 
5 4 8 7 1 3 6 9 2 
1 6 7 2 4 9 5 8 3 
7 8 5 3 9 6 1 2 4 
2 3 1 4 8 5 9 6 7 
4 9 6 1 7 2 8 3 5 

Board 813:
6 3 4 9 8 2 5 7 1 
9 2 8 7 5 1 4 6 3 
7 1 5 6 4 3 8 2 9 
3 7 6 4 9 5 1 8 2 
5 4 2 3 1 8 7 9 6 
1 8 9 2 6 7 3 4 5 
2 9 3 1 7 4 6 5 8 
8 6 7 5 3 9 2 1 4 
4 5 1 8 2 6 9 3 7 

Board 814:
8 4 5 6 9 3 2 1 7 
6 7 2 4 5 1 3 8 9 
9 3 1 8 2 7 6 4 5 
7 6 9 2 8 5 4 3 1 
1 5 4 3 6 9 7 2 8 
2 8 3 1 7 4 9 5 6 
4 2 7 5 1 6 8 9 3 
3 1 6 9 4 8 5 7 2 
5 9 8 7 3 2 1 6 4 

Board 815:
7 9 1 5 4 8 3 6 2 
2 5 6 9 7 3 8 1 4 
3 4 8 2 1 6 5 9 7 
5 2 4 6 9 7 1 8 3 
9 1 3 4 8 2 7 5 6 
8 6 7 3 5 1 4 2 9 
6 3 5 1 2 4 9 7 8 
1 7 2 8 3 9 6 4 5 
4 8 9 7 6 5 2 3 1 

Board 816:
4 1 7 8 6 5 9 2 3 
5 6 9 7 3 2 8 4 1 
2 3 8 4 1 9 6 7 5 
7 4 1 9 8 6 5 3 2 
9 2 5 1 4 3 7 8 6 
6 8 3 5 2 7 1 9 4 
8 7 2 6 5 4 3 1 9 
1 5 4 3 9 8 2 6 7 
3 9 6 2 7 1 4 5 8 

Board 817:
5 1 8 9 2 6 3 4 7 
4 2 7 1 8 3 5 6 9 
9 3 6 5 7 4 8 2 1 
6 5 3 8 1 9 2 7 4 
1 8 4 2 3 7 6 9 5 
2 7 9 6 4 5 1 3 8 
7 4 1 3 6 8 9 5 2 
3 9 2 7 5 1 4 8 6 
8 6 5 4 9 2 7 1 3 

Board 818:
9 3 5 8 7 4 1 2 6 
2 8 6 1 5 3 9 7 4 
4 7 1 9 2 6 5 3 8 
5 9 8 3 6 7 2 4 1 
6 2 7 4 9 1 8 5 3 
3 1 4 2 8 5 7 6 9 
7 4 9 5 3 8 6 1 2 
1 6 2 7 4 9 3 8 5 
8 5 3 6 1 2 4 9 7 

Board 819:
6 1 3 9 8 2 5 4 7 
4 9 7 5 3 6 2 8 1 
2 8 5 7 1 4 6 3 9 
8 6 2 4 9 7 1 5 3 
7 3 4 1 6 5 9 2 8 
1 5 9 3 2 8 7 6 4 
9 7 6 8 5 3 4 1 2 
3 2 1 6 4 9 8 7 5 
5 4 8 2 7 1 3 9 6 

Board 820:
2 3 4 6 8 5 1 9 7 
8 1 9 4 7 3 5 2 6 
7 6 5 1 2 9 8 4 3 
4 9 6 8 5 1 7 3 2 
1 2 8 3 9 7 6 5 4 
3 5 7 2 6 4 9 8 1 
6 4 1 9 3 8 2 7 5 
9 7 2 5 4 6 3 1 8 
5 8 3 7 1 2 4 6 9 

Board 821:
9 1 5 3 8 6 2 7 4 
8 7 2 5 4 1 9 3 6 
6 4 3 9 7 2 5 1 8 
5 6 9 7 2 3 4 8 1 
7 3 4 1 5 8 6 9 2 
2 8 1 6 9 4 3 5 7 
3 9 8 2 6 7 1 4 5 
4 5 6 8 1 9 7 2 3 
1 2 7 4 3 5 8 6 9 

Board 822:
2 9 5 4 3 1 6 7 8 
1 4 3 7 8 6 2 9 5 
7 8 6 5 2 9 3 4 1 
8 6 9 1 7 3 5 2 4 
4 7 2 9 5 8 1 3 6 
3 5 1 2 6 4 7 8 9 
6 3 7 8 9 5 4 1 2 
9 2 4 6 1 7 8 5 3 
5 1 8 3 4 2 9 6 7 

Board 823:
1 3 6 2 5 9 4 8 7 
8 2 4 7 1 3 9 6 5 
7 9 5 6 8 4 2 3 1 
5 1 8 4 2 6 7 9 3 
3 6 2 5 9 7 8 1 4 
4 7 9 1 3 8 6 5 2 
6 5 1 8 7 2 3 4 9 
2 4 3 9 6 1 5 7 8 
9 8 7 3 4 5 1 2 6 

Board 824:
5 1 8 4 9 7 2 6 3 
7 3 2 5 8 6 4 9 1 
9 6 4 2 1 3 5 7 8 
8 9 7 6 5 2 3 1 4 
1 2 5 9 3 4 7 8 6 
6 4 3 1 7 8 9 5 2 
3 7 9 8 4 1 6 2 5 
2 5 1 3 6 9 8 4 7 
4 8 6 7 2 5 1 3 9 

Board 825:
6 1 2 9 4 3 5 8 7 
3 5 8 7 2 6 1 9 4 
4 7 9 1 5 8 3 2 6 
2 6 7 5 3 1 8 4 9 
9 8 5 4 6 2 7 3 1 
1 3 4 8 7 9 6 5 2 
7 2 3 6 8 4 9 1 5 
5 4 1 3 9 7 2 6 8 
8 9 6 2 1 5 4 7 3 

Board 826:
9 3 6 2 8 4 1 5 7 
4 2 7 5 3 1 8 9 6 
5 1 8 9 6 7 3 2 4 
2 5 3 6 7 9 4 1 8 
1 6 4 3 5 8 2 7 9 
8 7 9 1 4 2 6 3 5 
3 8 1 4 9 5 7 6 2 
6 4 5 7 2 3 9 8 1 
7 9 2 8 1 6 5 4 3 

Board 827:
6 9 8 1 7 5 4 2 3 
2 1 5 9 3 4 8 7 6 
3 4 7 8 6 2 1 9 5 
1 8 3 7 2 6 9 5 4 
4 7 6 5 8 9 3 1 2 
9 5 2 3 4 1 6 8 7 
5 3 4 2 9 8 7 6 1 
8 6 1 4 5 7 2 3 9 
7 2 9 6 1 3 5 4 8 

Board 828:
2 6 3 4 8 1 9 5 7 
4 7 9 5 2 3 8 1 6 
8 1 5 6 9 7 2 3 4 
6 9 2 3 7 5 4 8 1 
3 8 4 9 1 6 5 7 2 
1 5 7 8 4 2 6 9 3 
7 4 1 2 5 8 3 6 9 
5 2 6 1 3 9 7 4 8 
9 3 8 7 6 4 1 2 5 

Board 829:
8 9 7 4 1 6 3 5 2 
4 5 2 8 3 7 1 9 6 
3 6 1 5 2 9 4 8 7 
6 3 8 1 9 2 7 4 5 
7 1 5 6 8 4 9 2 3 
2 4 9 7 5 3 8 6 1 
9 7 4 3 6 5 2 1 8 
5 8 3 2 4 1 6 7 9 
1 2 6 9 7 8 5 3 4 

Board 830:
3 8 1 6 9 5 7 4 2 
2 4 5 3 1 7 9 6 8 
7 9 6 8 4 2 5 3 1 
9 5 8 2 7 3 4 1 6 
6 3 7 4 8 1 2 9 5 
1 2 4 5 6 9 8 7 3 
4 6 2 7 3 8 1 5 9 
8 1 3 9 5 4 6 2 7 
5 7 9 1 2 6 3 8 4 

Board 831:
5 4 8 7 6 1 9 2 3 
1 7 6 3 2 9 4 5 8 
2 3 9 4 5 8 6 1 7 
3 1 7 6 8 4 2 9 5 
8 6 5 2 9 3 7 4 1 
4 9 2 1 7 5 3 8 6 
7 5 3 9 1 2 8 6 4 
9 8 4 5 3 6 1 7 2 
6 2 1 8 4 7 5 3 9 

Board 832:
1 8 6 7 3 4 5 2 9 
4 5 2 9 1 8 6 3 7 
9 7 3 6 2 5 8 1 4 
7 2 4 1 6 3 9 8 5 
5 1 8 4 7 9 2 6 3 
3 6 9 8 5 2 4 7 1 
8 4 7 2 9 1 3 5 6 
6 9 5 3 8 7 1 4 2 
2 3 1 5 4 6 7 9 8 

Board 833:
4 5 9 8 6 3 7 2 1 
7 1 6 9 5 2 8 3 4 
8 2 3 7 4 1 5 9 6 
6 7 4 3 8 9 2 1 5 
3 8 2 4 1 5 9 6 7 
5 9 1 2 7 6 3 4 8 
2 6 5 1 9 7 4 8 3 
9 4 7 6 3 8 1 5 2 
1 3 8 5 2 4 6 7 9 

Board 834:
6 8 4 5 9 7 1 3 2 
9 7 1 8 3 2 4 5 6 
2 3 5 1 4 6 7 9 8 
5 6 3 9 1 8 2 4 7 
1 2 7 4 6 5 3 8 9 
8 4 9 2 7 3 6 1 5 
3 5 6 7 8 4 9 2 1 
7 9 8 3 2 1 5 6 4 
4 1 2 6 5 9 8 7 3 

Board 835:
1 5 9 2 7 6 8 3 4 
2 4 8 9 3 5 6 1 7 
7 6 3 8 4 1 5 9 2 
6 8 7 5 1 3 2 4 9 
9 2 4 7 6 8 3 5 1 
3 1 5 4 2 9 7 6 8 
4 3 1 6 8 7 9 2 5 
5 7 6 1 9 2 4 8 3 
8 9 2 3 5 4 1 7 6 

Board 836:
1 6 9 2 3 5 4 7 8 
4 2 3 1 7 8 6 5 9 
7 5 8 4 9 6 1 2 3 
6 7 1 3 4 9 5 8 2 
3 4 2 8 5 7 9 1 6 
8 9 5 6 2 1 7 3 4 
9 3 4 7 1 2 8 6 5 
2 8 7 5 6 4 3 9 1 
5 1 6 9 8 3 2 4 7 

Board 837:
2 1 5 4 6 9 3 7 8 
9 3 7 8 2 1 6 5 4 
4 6 8 5 3 7 9 1 2 
1 2 9 7 5 8 4 6 3 
8 4 3 2 1 6 5 9 7 
7 5 6 3 9 4 2 8 1 
3 9 1 6 8 2 7 4 5 
5 8 4 9 7 3 1 2 6 
6 7 2 1 4 5 8 3 9 

Board 838:
6 1 5 7 4 3 9 2 8 
2 3 9 1 8 5 6 4 7 
4 8 7 6 9 2 3 5 1 
7 2 3 8 5 4 1 6 9 
1 4 6 9 3 7 5 8 2 
5 9 8 2 6 1 7 3 4 
8 7 2 3 1 6 4 9 5 
9 6 4 5 7 8 2 1 3 
3 5 1 4 2 9 8 7 6 

Board 839:
6 1 7 2 3 5 4 9 8 
2 8 5 6 9 4 1 7 3 
3 9 4 7 1 8 6 5 2 
5 6 9 8 7 1 3 2 4 
4 2 1 3 5 9 8 6 7 
8 7 3 4 2 6 5 1 9 
7 5 8 1 4 2 9 3 6 
1 3 6 9 8 7 2 4 5 
9 4 2 5 6 3 7 8 1 

Board 840:
8 5 6 9 2 7 3 1 4 
3 2 1 6 8 4 9 5 7 
9 4 7 3 1 5 2 8 6 
2 1 9 4 5 8 6 7 3 
6 3 8 7 9 2 1 4 5 
4 7 5 1 6 3 8 9 2 
5 8 3 2 4 1 7 6 9 
1 6 2 5 7 9 4 3 8 
7 9 4 8 3 6 5 2 1 

Board 841:
2 7 1 6 9 4 8 3 5 
8 3 5 7 2 1 6 4 9 
9 6 4 5 3 8 7 2 1 
4 8 9 2 7 3 1 5 6 
6 1 3 9 8 5 4 7 2 
7 5 2 4 1 6 3 9 8 
1 4 8 3 5 9 2 6 7 
3 9 7 8 6 2 5 1 4 
5 2 6 1 4 7 9 8 3 

Board 842:
9 3 5 7 1 8 6 2 4 
1 8 7 2 6 4 9 3 5 
4 6 2 3 5 9 7 8 1 
2 4 6 8 9 7 5 1 3 
5 9 1 6 3 2 4 7 8 
3 7 8 5 4 1 2 9 6 
8 5 9 4 2 3 1 6 7 
6 2 3 1 7 5 8 4 9 
7 1 4 9 8 6 3 5 2 

Board 843:
6 4 7 9 5 2 8 1 3 
8 2 1 3 6 4 9 5 7 
5 3 9 8 7 1 6 2 4 
3 6 4 7 8 5 1 9 2 
1 7 5 6 2 9 3 4 8 
2 9 8 4 1 3 7 6 5 
9 8 6 2 4 7 5 3 1 
7 1 2 5 3 6 4 8 9 
4 5 3 1 9 8 2 7 6 

Board 844:
7 3 1 2 5 4 8 9 6 
8 9 5 1 6 7 4 2 3 
4 6 2 9 3 8 5 1 7 
1 4 9 6 2 3 7 8 5 
3 7 6 5 8 9 2 4 1 
2 5 8 4 7 1 6 3 9 
5 8 7 3 9 2 1 6 4 
6 1 3 8 4 5 9 7 2 
9 2 4 7 1 6 3 5 8 

Board 845:
8 9 1 7 3 6 2 5 4 
2 6 5 1 9 4 7 3 8 
7 4 3 5 8 2 1 9 6 
4 8 2 9 7 5 3 6 1 
3 1 6 4 2 8 9 7 5 
5 7 9 3 6 1 8 4 2 
1 2 7 6 4 9 5 8 3 
6 3 8 2 5 7 4 1 9 
9 5 4 8 1 3 6 2 7 

Board 846:
6 1 7 4 3 5 9 8 2 
5 4 9 8 7 2 1 6 3 
2 3 8 6 9 1 5 7 4 
7 5 2 3 4 9 6 1 8 
9 6 4 7 1 8 3 2 5 
3 8 1 2 5 6 7 4 9 
1 2 6 5 8 3 4 9 7 
4 9 5 1 2 7 8 3 6 
8 7 3 9 6 4 2 5 1 

Board 847:
6 5 8 4 3 9 2 1 7 
2 7 4 8 6 1 5 9 3 
3 1 9 2 5 7 8 6 4 
5 6 2 7 9 8 3 4 1 
1 4 3 5 2 6 7 8 9 
8 9 7 3 1 4 6 2 5 
4 8 5 9 7 2 1 3 6 
9 3 6 1 8 5 4 7 2 
7 2 1 6 4 3 9 5 8 

Board 848:
8 1 5 3 2 7 4 6 9 
6 9 3 5 1 4 8 2 7 
2 7 4 6 9 8 5 1 3 
1 2 9 7 6 5 3 4 8 
7 3 8 2 4 1 6 9 5 
5 4 6 8 3 9 2 7 1 
3 5 2 9 7 6 1 8 4 
9 8 1 4 5 2 7 3 6 
4 6 7 1 8 3 9 5 2 

Board 849:
3 6 2 5 9 4 7 8 1 
8 1 9 6 7 2 3 4 5 
7 4 5 8 1 3 2 6 9 
1 7 8 9 2 6 5 3 4 
6 9 4 7 3 5 1 2 8 
2 5 3 4 8 1 9 7 6 
4 3 7 1 6 9 8 5 2 
9 8 6 2 5 7 4 1 3 
5 2 1 3 4 8 6 9 7 

Board 850:
2 7 1 8 6 3 4 9 5 
6 3 4 2 5 9 7 8 1 
8 9 5 4 1 7 3 6 2 
5 1 7 6 8 2 9 4 3 
4 6 9 7 3 1 2 5 8 
3 8 2 9 4 5 6 1 7 
1 4 6 3 2 8 5 7 9 
7 5 3 1 9 4 8 2 6 
9 2 8 5 7 6 1 3 4 

Board 851:
9 6 7 1 4 5 8 3 2 
3 1 4 2 9 8 5 7 6 
2 5 8 3 7 6 1 9 4 
5 3 6 9 1 4 7 2 8 
4 2 1 6 8 7 9 5 3 
8 7 9 5 2 3 4 6 1 
7 4 2 8 3 9 6 1 5 
1 9 5 4 6 2 3 8 7 
6 8 3 7 5 1 2 4 9 

Board 852:
8 9 3 1 2 7 4 6 5 
6 5 1 9 4 3 8 2 7 
4 7 2 5 8 6 9 1 3 
5 1 7 2 3 4 6 9 8 
2 6 8 7 1 9 5 3 4 
3 4 9 6 5 8 2 7 1 
1 3 6 4 9 5 7 8 2 
7 8 5 3 6 2 1 4 9 
9 2 4 8 7 1 3 5 6 

Board 853:
2 7 4 9 8 6 5 3 1 
3 1 6 5 7 2 8 4 9 
9 8 5 1 3 4 2 6 7 
7 5 2 8 6 3 9 1 4 
6 3 8 4 1 9 7 5 2 
4 9 1 2 5 7 3 8 6 
5 6 7 3 9 1 4 2 8 
1 2 3 7 4 8 6 9 5 
8 4 9 6 2 5 1 7 3 

Board 854:
9 6 3 8 2 5 4 1 7 
4 1 7 6 9 3 8 2 5 
2 8 5 1 4 7 6 3 9 
5 3 1 4 7 2 9 8 6 
6 9 4 5 3 8 2 7 1 
8 7 2 9 6 1 5 4 3 
1 2 6 7 8 9 3 5 4 
3 5 9 2 1 4 7 6 8 
7 4 8 3 5 6 1 9 2 

Board 855:
7 1 5 8 3 4 6 9 2 
9 4 3 2 5 6 8 7 1 
8 2 6 1 7 9 3 4 5 
5 8 2 4 1 7 9 6 3 
1 9 4 3 6 5 7 2 8 
3 6 7 9 8 2 5 1 4 
6 3 9 5 2 1 4 8 7 
4 5 1 7 9 8 2 3 6 
2 7 8 6 4 3 1 5 9 

Board 856:
7 9 4 3 2 6 5 8 1 
1 6 5 4 8 7 3 2 9 
3 8 2 5 9 1 4 7 6 
6 4 7 8 3 9 1 5 2 
8 2 3 1 4 5 6 9 7 
9 5 1 6 7 2 8 4 3 
5 7 6 9 1 8 2 3 4 
4 1 9 2 5 3 7 6 8 
2 3 8 7 6 4 9 1 5 

Board 857:
1 5 8 9 2 6 7 4 3 
3 7 9 5 8 4 2 6 1 
4 6 2 1 7 3 8 9 5 
6 2 1 8 4 9 3 5 7 
5 3 4 6 1 7 9 2 8 
9 8 7 3 5 2 4 1 6 
8 9 3 2 6 5 1 7 4 
7 1 5 4 9 8 6 3 2 
2 4 6 7 3 1 5 8 9 

Board 858:
1 5 4 7 6 2 8 9 3 
9 2 3 8 4 5 7 1 6 
7 8 6 3 9 1 2 4 5 
4 7 5 2 8 3 1 6 9 
8 1 2 6 5 9 4 3 7 
3 6 9 1 7 4 5 8 2 
6 3 1 5 2 8 9 7 4 
5 9 7 4 1 6 3 2 8 
2 4 8 9 3 7 6 5 1 

Board 859:
8 3 9 4 5 1 7 6 2 
4 6 7 3 9 2 1 5 8 
2 1 5 7 8 6 3 4 9 
1 8 3 9 6 4 5 2 7 
5 9 2 8 3 7 6 1 4 
7 4 6 1 2 5 9 8 3 
9 2 4 5 1 3 8 7 6 
3 7 1 6 4 8 2 9 5 
6 5 8 2 7 9 4 3 1 

Board 860:
1 3 2 9 4 8 7 5 6 
9 7 5 3 1 6 2 8 4 
6 4 8 5 7 2 3 9 1 
7 8 6 2 3 1 9 4 5 
2 1 4 7 9 5 8 6 3 
5 9 3 6 8 4 1 2 7 
4 2 1 8 5 3 6 7 9 
3 6 7 4 2 9 5 1 8 
8 5 9 1 6 7 4 3 2 

Board 861:
1 2 6 5 3 8 9 7 4 
8 4 3 7 9 6 1 5 2 
5 7 9 1 4 2 6 8 3 
6 5 8 2 7 4 3 9 1 
7 3 1 8 6 9 4 2 5 
4 9 2 3 1 5 7 6 8 
2 1 7 9 5 3 8 4 6 
9 8 4 6 2 1 5 3 7 
3 6 5 4 8 7 2 1 9 

Board 862:
6 2 4 3 9 8 1 7 5 
1 9 3 6 5 7 4 8 2 
8 5 7 4 2 1 3 9 6 
5 8 9 1 4 2 7 6 3 
2 7 1 9 6 3 8 5 4 
3 4 6 8 7 5 2 1 9 
7 6 2 5 1 4 9 3 8 
4 3 5 7 8 9 6 2 1 
9 1 8 2 3 6 5 4 7 

Board 863:
2 5 4 6 8 9 1 3 7 
3 8 6 1 5 7 4 2 9 
1 9 7 3 2 4 6 8 5 
9 2 1 7 6 3 5 4 8 
5 6 8 4 1 2 9 7 3 
4 7 3 8 9 5 2 1 6 
6 3 2 5 7 1 8 9 4 
7 1 5 9 4 8 3 6 2 
8 4 9 2 3 6 7 5 1 

Board 864:
8 4 1 2 9 7 5 6 3 
9 6 7 1 3 5 8 2 4 
2 3 5 8 4 6 9 1 7 
7 5 3 4 2 1 6 9 8 
4 2 9 6 5 8 3 7 1 
6 1 8 3 7 9 2 4 5 
1 9 6 5 8 4 7 3 2 
5 7 2 9 1 3 4 8 6 
3 8 4 7 6 2 1 5 9 

Board 865:
8 3 7 2 5 1 6 4 9 
1 4 6 7 8 9 2 3 5 
5 2 9 6 3 4 7 1 8 
9 5 8 3 2 6 1 7 4 
2 6 4 5 1 7 8 9 3 
3 7 1 9 4 8 5 2 6 
7 8 3 4 6 2 9 5 1 
4 1 2 8 9 5 3 6 7 
6 9 5 1 7 3 4 8 2 

Board 866:
6 3 8 7 1 5 9 4 2 
7 1 9 4 2 8 5 3 6 
4 5 2 3 9 6 8 7 1 
2 4 7 1 8 3 6 9 5 
8 6 5 9 4 2 7 1 3 
1 9 3 5 6 7 4 2 8 
5 2 1 8 7 4 3 6 9 
9 8 4 6 3 1 2 5 7 
3 7 6 2 5 9 1 8 4 

Board 867:
2 8 1 9 6 3 5 4 7 
3 6 7 4 8 5 1 9 2 
4 5 9 7 2 1 8 3 6 
5 3 2 6 7 4 9 8 1 
1 4 8 5 9 2 7 6 3 
7 9 6 3 1 8 2 5 4 
6 7 5 2 3 9 4 1 8 
8 2 4 1 5 6 3 7 9 
9 1 3 8 4 7 6 2 5 

Board 868:
9 5 7 8 1 3 4 2 6 
1 2 4 6 9 7 3 8 5 
8 3 6 2 5 4 7 1 9 
6 4 9 3 8 1 5 7 2 
3 7 5 9 2 6 1 4 8 
2 1 8 7 4 5 9 6 3 
7 8 3 1 6 9 2 5 4 
4 9 2 5 7 8 6 3 1 
5 6 1 4 3 2 8 9 7 

Board 869:
6 5 1 4 8 2 3 7 9 
9 8 2 3 1 7 4 5 6 
7 3 4 9 6 5 2 1 8 
1 9 3 6 2 4 5 8 7 
2 6 5 8 7 3 1 9 4 
8 4 7 5 9 1 6 3 2 
5 7 9 2 3 6 8 4 1 
4 2 8 1 5 9 7 6 3 
3 1 6 7 4 8 9 2 5 

Board 870:
1 6 3 9 7 4 2 8 5 
8 4 7 5 2 3 9 6 1 
9 2 5 6 1 8 7 3 4 
4 9 6 2 5 1 8 7 3 
3 1 2 7 8 9 5 4 6 
7 5 8 4 3 6 1 2 9 
2 3 1 8 4 5 6 9 7 
5 8 9 3 6 7 4 1 2 
6 7 4 1 9 2 3 5 8 

Board 871:
3 8 9 6 5 2 4 7 1 
2 6 5 7 4 1 9 3 8 
1 7 4 3 9 8 5 6 2 
5 3 2 9 7 4 8 1 6 
4 9 6 8 1 3 2 5 7 
8 1 7 2 6 5 3 9 4 
6 5 1 4 8 9 7 2 3 
7 4 3 5 2 6 1 8 9 
9 2 8 1 3 7 6 4 5 

Board 872:
1 8 4 2 9 6 5 7 3 
3 2 9 1 7 5 6 4 8 
7 6 5 3 8 4 1 9 2 
8 4 2 5 1 3 9 6 7 
6 7 1 9 2 8 3 5 4 
9 5 3 6 4 7 2 8 1 
2 9 8 4 6 1 7 3 5 
5 1 7 8 3 9 4 2 6 
4 3 6 7 5 2 8 1 9 

Board 873:
1 3 7 6 8 5 2 4 9 
8 5 2 3 9 4 7 6 1 
4 9 6 7 1 2 3 5 8 
6 8 3 5 4 7 9 1 2 
9 2 1 8 3 6 5 7 4 
7 4 5 1 2 9 8 3 6 
2 1 8 4 7 3 6 9 5 
5 7 9 2 6 1 4 8 3 
3 6 4 9 5 8 1 2 7 

Board 874:
1 4 6 2 9 5 3 8 7 
7 5 3 8 6 1 2 4 9 
2 9 8 7 3 4 5 6 1 
6 2 1 5 7 8 4 9 3 
3 8 5 1 4 9 7 2 6 
9 7 4 3 2 6 8 1 5 
8 6 9 4 5 7 1 3 2 
4 3 7 6 1 2 9 5 8 
5 1 2 9 8 3 6 7 4 

Board 875:
2 1 3 9 6 8 7 4 5 
8 5 4 1 2 7 9 6 3 
6 9 7 5 3 4 1 2 8 
5 3 2 4 8 1 6 9 7 
1 7 9 2 5 6 8 3 4 
4 8 6 3 7 9 2 5 1 
9 4 5 7 1 2 3 8 6 
3 6 1 8 9 5 4 7 2 
7 2 8 6 4 3 5 1 9 

Board 876:
1 2 6 4 7 8 3 5 9 
9 4 7 3 2 5 6 8 1 
8 3 5 6 1 9 4 2 7 
2 6 1 8 4 3 7 9 5 
4 9 8 7 5 2 1 3 6 
7 5 3 9 6 1 8 4 2 
5 8 2 1 3 6 9 7 4 
6 7 9 5 8 4 2 1 3 
3 1 4 2 9 7 5 6 8 

Board 877:
3 8 6 1 5 2 9 7 4 
2 7 9 6 8 4 5 1 3 
5 1 4 3 7 9 8 6 2 
6 2 8 5 9 3 1 4 7 
4 9 3 7 1 8 2 5 6 
1 5 7 2 4 6 3 9 8 
7 6 1 8 2 5 4 3 9 
8 4 5 9 3 7 6 2 1 
9 3 2 4 6 1 7 8 5 

Board 878:
1 9 2 7 4 5 8 3 6 
7 4 6 8 9 3 1 5 2 
3 5 8 1 6 2 7 9 4 
6 7 3 9 1 4 2 8 5 
2 8 9 6 5 7 3 4 1 
5 1 4 3 2 8 6 7 9 
4 6 7 5 8 1 9 2 3 
8 2 1 4 3 9 5 6 7 
9 3 5 2 7 6 4 1 8 

Board 879:
7 6 8 5 4 1 3 9 2 
1 4 2 8 9 3 6 7 5 
9 5 3 6 2 7 1 8 4 
8 2 1 3 5 6 9 4 7 
4 7 6 2 1 9 5 3 8 
3 9 5 4 7 8 2 1 6 
5 1 4 9 8 2 7 6 3 
2 3 7 1 6 4 8 5 9 
6 8 9 7 3 5 4 2 1 

Board 880:
9 3 5 7 2 6 4 1 8 
6 2 7 1 8 4 3 5 9 
8 4 1 9 3 5 7 2 6 
7 1 6 8 9 2 5 3 4 
3 8 4 5 7 1 9 6 2 
5 9 2 6 4 3 1 8 7 
2 7 8 3 1 9 6 4 5 
1 6 9 4 5 8 2 7 3 
4 5 3 2 6 7 8 9 1 

Board 881:
4 5 2 1 3 6 8 7 9 
6 7 9 5 4 8 3 1 2 
8 1 3 9 7 2 6 4 5 
2 9 4 8 6 1 5 3 7 
5 6 1 7 2 3 4 9 8 
3 8 7 4 9 5 1 2 6 
1 3 8 2 5 7 9 6 4 
9 2 5 6 1 4 7 8 3 
7 4 6 3 8 9 2 5 1 

Board 882:
5 1 6 8 4 7 2 3 9 
3 2 4 6 9 5 7 8 1 
9 8 7 3 1 2 5 6 4 
6 7 2 5 8 1 9 4 3 
8 4 3 2 6 9 1 5 7 
1 5 9 4 7 3 6 2 8 
7 3 8 9 5 6 4 1 2 
4 9 5 1 2 8 3 7 6 
2 6 1 7 3 4 8 9 5 

Board 883:
1 7 5 9 2 8 3 6 4 
3 4 8 6 5 1 7 9 2 
9 6 2 3 7 4 1 5 8 
8 2 4 1 9 5 6 7 3 
6 1 3 2 4 7 5 8 9 
5 9 7 8 6 3 2 4 1 
7 5 1 4 8 2 9 3 6 
4 3 9 7 1 6 8 2 5 
2 8 6 5 3 9 4 1 7 

Board 884:
5 2 4 9 3 7 8 1 6 
8 1 7 2 4 6 3 9 5 
9 6 3 1 5 8 4 7 2 
1 8 6 3 9 4 2 5 7 
7 5 2 6 8 1 9 4 3 
4 3 9 5 7 2 1 6 8 
3 9 1 8 6 5 7 2 4 
6 4 8 7 2 9 5 3 1 
2 7 5 4 1 3 6 8 9 

Board 885:
3 7 2 6 9 4 5 8 1 
4 6 1 8 5 3 2 7 9 
8 9 5 7 1 2 3 6 4 
9 8 6 5 4 1 7 2 3 
1 2 3 9 7 8 4 5 6 
7 5 4 3 2 6 1 9 8 
5 1 8 2 3 9 6 4 7 
2 4 9 1 6 7 8 3 5 
6 3 7 4 8 5 9 1 2 

Board 886:
5 9 6 3 8 4 7 2 1 
2 4 3 1 9 7 8 5 6 
1 8 7 6 5 2 4 3 9 
4 2 8 7 3 6 9 1 5 
3 1 5 4 2 9 6 8 7 
6 7 9 8 1 5 3 4 2 
8 6 1 2 7 3 5 9 4 
9 3 4 5 6 1 2 7 8 
7 5 2 9 4 8 1 6 3 

Board 887:
7 1 2 4 8 9 5 6 3 
6 3 5 2 1 7 4 9 8 
8 9 4 5 3 6 2 1 7 
4 8 7 9 6 1 3 2 5 
5 2 9 8 4 3 1 7 6 
1 6 3 7 5 2 8 4 9 
9 5 6 1 2 8 7 3 4 
2 7 8 3 9 4 6 5 1 
3 4 1 6 7 5 9 8 2 

Board 888:
6 7 4 5 9 8 2 1 3 
2 1 5 7 4 3 6 9 8 
9 3 8 6 2 1 5 7 4 
3 8 9 4 1 6 7 5 2 
1 2 6 3 7 5 4 8 9 
4 5 7 9 8 2 1 3 6 
8 9 2 1 5 4 3 6 7 
7 6 1 2 3 9 8 4 5 
5 4 3 8 6 7 9 2 1 

Board 889:
4 2 5 1 8 6 3 9 7 
8 1 9 2 3 7 5 6 4 
6 3 7 4 5 9 8 2 1 
5 4 2 6 9 1 7 3 8 
7 6 8 3 2 4 1 5 9 
3 9 1 5 7 8 6 4 2 
1 8 4 9 6 3 2 7 5 
2 7 3 8 4 5 9 1 6 
9 5 6 7 1 2 4 8 3 

Board 890:
6 1 7 3 5 4 8 2 9 
9 2 5 1 7 8 4 3 6 
4 8 3 9 2 6 5 7 1 
7 4 1 6 9 3 2 5 8 
2 3 6 8 4 5 9 1 7 
8 5 9 2 1 7 3 6 4 
3 7 4 5 6 9 1 8 2 
5 9 2 7 8 1 6 4 3 
1 6 8 4 3 2 7 9 5 

Board 891:
4 7 6 9 3 2 1 5 8 
1 2 5 6 8 4 9 7 3 
8 9 3 1 5 7 6 4 2 
2 1 4 8 7 6 5 3 9 
5 3 9 4 2 1 8 6 7 
7 6 8 3 9 5 2 1 4 
3 8 7 5 6 9 4 2 1 
9 5 1 2 4 3 7 8 6 
6 4 2 7 1 8 3 9 5 

Board 892:
9 8 2 6 1 7 3 4 5 
6 1 4 2 5 3 9 7 8 
3 7 5 9 8 4 2 6 1 
2 6 3 5 9 8 4 1 7 
1 4 7 3 6 2 5 8 9 
5 9 8 7 4 1 6 3 2 
7 5 6 8 3 9 1 2 4 
4 2 9 1 7 6 8 5 3 
8 3 1 4 2 5 7 9 6 

Board 893:
8 1 3 2 9 4 6 7 5 
7 4 5 1 3 6 8 9 2 
2 9 6 7 8 5 1 3 4 
4 2 1 5 7 8 9 6 3 
6 8 9 3 1 2 5 4 7 
5 3 7 6 4 9 2 1 8 
1 6 2 4 5 3 7 8 9 
3 7 8 9 2 1 4 5 6 
9 5 4 8 6 7 3 2 1 

Board 894:
1 2 8 6 3 9 7 5 4 
6 3 4 1 5 7 9 8 2 
9 5 7 4 2 8 1 3 6 
5 4 9 2 7 6 3 1 8 
3 7 2 9 8 1 6 4 5 
8 1 6 3 4 5 2 9 7 
2 6 3 5 9 4 8 7 1 
4 8 1 7 6 3 5 2 9 
7 9 5 8 1 2 4 6 3 

Board 895:
8 6 9 1 7 5 3 4 2 
2 7 5 3 4 9 8 6 1 
4 1 3 2 6 8 5 7 9 
1 9 2 6 3 7 4 5 8 
5 4 7 8 9 2 6 1 3 
3 8 6 5 1 4 2 9 7 
6 2 8 7 5 1 9 3 4 
9 5 1 4 2 3 7 8 6 
7 3 4 9 8 6 1 2 5 

Board 896:
3 6 2 9 1 4 7 5 8 
4 8 1 5 3 7 6 9 2 
9 5 7 8 2 6 1 3 4 
7 4 3 1 6 2 9 8 5 
5 9 6 7 4 8 2 1 3 
2 1 8 3 5 9 4 7 6 
1 3 4 2 7 5 8 6 9 
8 2 5 6 9 1 3 4 7 
6 7 9 4 8 3 5 2 1 

Board 897:
8 6 7 4 1 3 5 9 2 
4 9 2 5 6 8 7 1 3 
1 3 5 7 2 9 8 4 6 
6 5 1 2 8 4 3 7 9 
9 8 4 3 7 1 6 2 5 
7 2 3 6 9 5 1 8 4 
3 4 9 1 5 7 2 6 8 
2 1 8 9 3 6 4 5 7 
5 7 6 8 4 2 9 3 1 

Board 898:
6 8 9 1 3 2 4 7 5 
1 2 4 5 9 7 6 8 3 
5 7 3 4 6 8 1 2 9 
4 9 5 7 2 3 8 6 1 
7 1 8 6 5 4 9 3 2 
3 6 2 8 1 9 5 4 7 
9 4 6 2 7 5 3 1 8 
8 5 7 3 4 1 2 9 6 
2 3 1 9 8 6 7 5 4 

Board 899:
7 6 8 1 9 5 2 3 4 
5 3 9 7 2 4 6 1 8 
1 4 2 6 3 8 5 7 9 
3 2 7 4 5 9 1 8 6 
6 9 1 8 7 2 4 5 3 
8 5 4 3 6 1 9 2 7 
2 7 6 5 4 3 8 9 1 
4 1 5 9 8 7 3 6 2 
9 8 3 2 1 6 7 4 5 

Board 900:
1 5 8 4 7 2 9 3 6 
9 7 4 1 6 3 8 2 5 
3 6 2 8 9 5 7 4 1 
7 8 3 9 4 6 1 5 2 
2 4 6 5 1 8 3 9 7 
5 9 1 2 3 7 4 6 8 
6 1 7 3 5 4 2 8 9 
4 2 9 6 8 1 5 7 3 
8 3 5 7 2 9 6 1 4 

Board 901:
4 8 3 5 6 9 1 2 7 
6 5 9 2 1 7 8 3 4 
1 7 2 4 8 3 5 9 6 
9 4 5 8 7 1 2 6 3 
2 6 1 3 5 4 9 7 8 
8 3 7 9 2 6 4 1 5 
7 2 8 6 9 5 3 4 1 
5 1 4 7 3 2 6 8 9 
3 9 6 1 4 8 7 5 2 

Board 902:
1 8 6 2 9 7 5 3 4 
9 3 7 4 8 5 6 2 1 
4 5 2 6 1 3 8 9 7 
6 7 3 1 4 8 9 5 2 
5 1 4 3 2 9 7 6 8 
8 2 9 5 7 6 4 1 3 
2 6 1 8 5 4 3 7 9 
7 4 5 9 3 1 2 8 6 
3 9 8 7 6 2 1 4 5 

Board 903:
8 5 2 9 7 4 1 3 6 
7 9 4 6 3 1 8 5 2 
3 1 6 2 5 8 9 7 4 
1 6 3 7 2 9 4 8 5 
4 7 5 8 6 3 2 9 1 
9 2 8 1 4 5 3 6 7 
5 3 9 4 1 6 7 2 8 
2 8 1 5 9 7 6 4 3 
6 4 7 3 8 2 5 1 9 

Board 904:
2 8 6 1 3 4 5 9 7 
1 7 5 9 6 2 4 3 8 
9 3 4 7 5 8 1 2 6 
6 1 8 4 9 3 7 5 2 
3 2 9 5 7 6 8 4 1 
5 4 7 8 2 1 3 6 9 
4 6 1 3 8 9 2 7 5 
8 5 2 6 4 7 9 1 3 
7 9 3 2 1 5 6 8 4 

Board 905:
8 4 7 9 2 1 5 3 6 
9 3 2 6 5 4 1 8 7 
5 1 6 3 7 8 9 2 4 
7 5 4 1 6 2 3 9 8 
1 8 9 5 3 7 4 6 2 
6 2 3 4 8 9 7 1 5 
3 6 8 7 9 5 2 4 1 
4 9 5 2 1 6 8 7 3 
2 7 1 8 4 3 6 5 9 

Board 906:
2 7 1 4 9 8 6 3 5 
5 9 3 7 6 2 1 8 4 
8 6 4 3 1 5 2 9 7 
9 8 5 1 2 6 7 4 3 
3 1 2 5 7 4 8 6 9 
7 4 6 8 3 9 5 2 1 
6 3 9 2 5 1 4 7 8 
4 5 7 6 8 3 9 1 2 
1 2 8 9 4 7 3 5 6 

Board 907:
9 5 6 4 1 8 2 7 3 
3 1 4 9 2 7 8 5 6 
7 8 2 3 6 5 9 1 4 
5 9 1 6 4 2 7 3 8 
6 4 8 7 5 3 1 9 2 
2 7 3 8 9 1 6 4 5 
8 6 7 5 3 9 4 2 1 
4 2 5 1 7 6 3 8 9 
1 3 9 2 8 4 5 6 7 

Board 908:
1 9 2 7 6 3 4 8 5 
5 4 8 2 1 9 7 3 6 
6 3 7 5 4 8 2 1 9 
9 6 5 3 7 1 8 2 4 
2 8 1 6 9 4 3 5 7 
4 7 3 8 2 5 6 9 1 
8 5 4 1 3 6 9 7 2 
7 1 9 4 8 2 5 6 3 
3 2 6 9 5 7 1 4 8 

Board 909:
2 1 7 4 6 8 3 9 5 
8 4 3 1 5 9 2 7 6 
5 9 6 7 3 2 4 1 8 
1 6 5 2 4 7 8 3 9 
9 8 2 6 1 3 5 4 7 
7 3 4 8 9 5 6 2 1 
4 2 1 9 8 6 7 5 3 
6 5 9 3 7 4 1 8 2 
3 7 8 5 2 1 9 6 4 

Board 910:
5 2 4 6 3 7 1 9 8 
8 1 3 4 5 9 2 7 6 
7 9 6 8 2 1 3 5 4 
6 5 7 1 9 4 8 2 3 
9 4 2 3 6 8 7 1 5 
1 3 8 5 7 2 6 4 9 
4 8 9 7 1 6 5 3 2 
3 6 1 2 4 5 9 8 7 
2 7 5 9 8 3 4 6 1 

Board 911:
2 7 6 5 1 4 8 3 9 
1 9 5 6 3 8 2 4 7 
4 3 8 2 9 7 5 1 6 
6 4 9 7 5 3 1 2 8 
3 8 7 1 2 6 4 9 5 
5 1 2 4 8 9 6 7 3 
9 2 1 3 6 5 7 8 4 
7 5 3 8 4 1 9 6 2 
8 6 4 9 7 2 3 5 1 

Board 912:
5 1 7 9 3 8 4 6 2 
4 9 3 6 2 1 7 8 5 
8 6 2 7 5 4 9 1 3 
6 7 1 8 9 2 3 5 4 
3 4 9 1 7 5 8 2 6 
2 5 8 4 6 3 1 9 7 
1 3 4 5 8 6 2 7 9 
9 2 5 3 1 7 6 4 8 
7 8 6 2 4 9 5 3 1 

Board 913:
9 5 8 6 3 2 1 7 4 
1 2 4 7 5 9 8 6 3 
6 7 3 4 8 1 9 2 5 
8 6 9 5 1 7 3 4 2 
2 3 7 9 6 4 5 8 1 
5 4 1 8 2 3 7 9 6 
4 8 6 3 7 5 2 1 9 
3 9 2 1 4 8 6 5 7 
7 1 5 2 9 6 4 3 8 

Board 914:
2 7 3 6 4 8 1 9 5 
4 8 6 9 1 5 2 7 3 
1 5 9 2 7 3 8 4 6 
5 4 2 8 6 7 3 1 9 
8 3 1 5 9 2 4 6 7 
6 9 7 4 3 1 5 2 8 
7 1 5 3 2 6 9 8 4 
3 6 4 1 8 9 7 5 2 
9 2 8 7 5 4 6 3 1 

Board 915:
5 4 3 8 6 1 7 2 9 
7 6 9 4 2 5 1 8 3 
1 2 8 9 3 7 6 5 4 
2 8 4 5 1 9 3 6 7 
6 9 1 7 8 3 5 4 2 
3 7 5 6 4 2 8 9 1 
8 1 2 3 5 4 9 7 6 
9 3 6 2 7 8 4 1 5 
4 5 7 1 9 6 2 3 8 

Board 916:
2 3 6 1 8 4 9 5 7 
7 8 1 2 9 5 4 6 3 
5 4 9 7 6 3 1 8 2 
4 5 3 8 2 7 6 9 1 
9 7 2 4 1 6 5 3 8 
6 1 8 5 3 9 7 2 4 
1 6 7 3 5 8 2 4 9 
8 9 4 6 7 2 3 1 5 
3 2 5 9 4 1 8 7 6 

Board 917:
5 3 9 8 4 2 1 6 7 
1 4 7 3 5 6 2 8 9 
2 8 6 1 9 7 3 5 4 
4 5 3 6 2 9 7 1 8 
8 6 1 7 3 4 5 9 2 
7 9 2 5 8 1 6 4 3 
3 7 5 4 1 8 9 2 6 
6 2 4 9 7 5 8 3 1 
9 1 8 2 6 3 4 7 5 

Board 918:
9 3 4 2 5 1 7 6 8 
8 2 7 6 4 3 5 1 9 
6 1 5 7 8 9 3 4 2 
3 5 9 1 6 7 2 8 4 
1 8 2 9 3 4 6 7 5 
7 4 6 8 2 5 9 3 1 
2 6 1 3 9 8 4 5 7 
5 9 8 4 7 6 1 2 3 
4 7 3 5 1 2 8 9 6 

Board 919:
3 4 2 7 9 8 5 6 1 
1 8 9 5 6 4 3 2 7 
7 5 6 3 2 1 4 9 8 
9 7 3 4 5 2 1 8 6 
6 2 5 1 8 3 7 4 9 
8 1 4 9 7 6 2 5 3 
5 6 7 2 3 9 8 1 4 
2 9 1 8 4 7 6 3 5 
4 3 8 6 1 5 9 7 2 

Board 920:
2 7 1 9 3 4 8 6 5 
3 9 5 2 6 8 4 7 1 
4 6 8 7 5 1 2 3 9 
7 4 6 3 1 9 5 2 8 
9 5 3 8 4 2 6 1 7 
8 1 2 5 7 6 9 4 3 
5 2 7 4 9 3 1 8 6 
1 8 9 6 2 7 3 5 4 
6 3 4 1 8 5 7 9 2 

Board 921:
6 3 1 5 7 4 2 8 9 
8 4 7 1 9 2 3 6 5 
9 2 5 3 8 6 7 4 1 
7 9 8 6 1 3 5 2 4 
3 1 2 9 4 5 8 7 6 
5 6 4 7 2 8 1 9 3 
2 5 3 8 6 9 4 1 7 
1 8 6 4 3 7 9 5 2 
4 7 9 2 5 1 6 3 8 

Board 922:
1 5 8 6 4 7 2 3 9 
7 4 9 5 2 3 6 8 1 
2 6 3 1 8 9 5 7 4 
5 9 4 7 3 6 1 2 8 
8 1 7 4 9 2 3 6 5 
3 2 6 8 1 5 4 9 7 
6 7 2 9 5 1 8 4 3 
4 3 1 2 7 8 9 5 6 
9 8 5 3 6 4 7 1 2 

Board 923:
4 7 5 2 1 3 9 6 8 
1 9 6 7 8 4 3 2 5 
2 8 3 9 6 5 1 4 7 
9 4 2 8 5 1 6 7 3 
7 3 8 6 4 2 5 1 9 
6 5 1 3 9 7 2 8 4 
5 2 4 1 7 9 8 3 6 
8 1 9 4 3 6 7 5 2 
3 6 7 5 2 8 4 9 1 

Board 924:
2 9 4 3 6 8 1 5 7 
6 1 8 7 2 5 4 3 9 
5 7 3 9 1 4 8 6 2 
8 3 5 4 7 1 9 2 6 
4 6 7 2 8 9 3 1 5 
1 2 9 6 5 3 7 8 4 
7 5 1 8 4 2 6 9 3 
3 8 6 5 9 7 2 4 1 
9 4 2 1 3 6 5 7 8 

Board 925:
1 5 6 3 9 7 8 4 2 
9 2 7 1 4 8 5 3 6 
8 4 3 6 2 5 7 9 1 
5 6 4 7 8 2 9 1 3 
2 9 1 5 6 3 4 8 7 
7 3 8 4 1 9 6 2 5 
6 1 9 2 5 4 3 7 8 
4 7 2 8 3 6 1 5 9 
3 8 5 9 7 1 2 6 4 

Board 926:
6 1 4 2 3 8 9 5 7 
7 2 3 9 5 1 4 6 8 
5 9 8 6 7 4 3 2 1 
8 5 9 1 4 3 2 7 6 
4 7 1 5 6 2 8 9 3 
2 3 6 8 9 7 1 4 5 
1 6 2 7 8 9 5 3 4 
9 4 5 3 1 6 7 8 2 
3 8 7 4 2 5 6 1 9 

Board 927:
9 8 7 5 1 3 6 4 2 
2 1 3 7 6 4 5 8 9 
5 6 4 8 2 9 7 3 1 
4 5 2 6 7 8 1 9 3 
7 3 1 4 9 2 8 6 5 
8 9 6 1 3 5 4 2 7 
3 4 8 9 5 7 2 1 6 
6 2 5 3 4 1 9 7 8 
1 7 9 2 8 6 3 5 4 

Board 928:
6 4 1 9 3 5 7 2 8 
2 7 5 4 8 1 6 3 9 
8 9 3 7 6 2 4 5 1 
3 6 7 1 5 4 9 8 2 
9 5 2 8 7 3 1 6 4 
4 1 8 2 9 6 3 7 5 
7 2 6 5 4 9 8 1 3 
1 8 9 3 2 7 5 4 6 
5 3 4 6 1 8 2 9 7 

Board 929:
1 8 5 4 2 6 3 9 7 
9 7 2 3 8 1 4 5 6 
3 4 6 7 9 5 8 2 1 
4 5 3 8 6 9 1 7 2 
2 6 7 1 4 3 9 8 5 
8 9 1 2 5 7 6 3 4 
6 2 4 9 7 8 5 1 3 
5 3 8 6 1 2 7 4 9 
7 1 9 5 3 4 2 6 8 

Board 930:
5 1 4 6 7 2 8 3 9 
7 8 6 9 3 1 2 5 4 
2 3 9 4 5 8 1 6 7 
4 5 2 1 9 6 7 8 3 
8 6 7 5 4 3 9 1 2 
3 9 1 2 8 7 6 4 5 
1 7 8 3 2 5 4 9 6 
9 2 5 8 6 4 3 7 1 
6 4 3 7 1 9 5 2 8 

Board 931:
7 2 5 4 8 6 9 1 3 
9 3 4 5 7 1 6 8 2 
6 8 1 9 3 2 7 5 4 
2 6 8 3 9 7 1 4 5 
3 4 9 1 2 5 8 6 7 
5 1 7 8 6 4 3 2 9 
4 7 6 2 1 3 5 9 8 
8 5 3 6 4 9 2 7 1 
1 9 2 7 5 8 4 3 6 

Board 932:
1 6 5 4 7 2 9 8 3 
8 7 9 5 6 3 2 1 4 
4 2 3 8 9 1 5 7 6 
2 1 7 6 3 8 4 5 9 
3 4 8 1 5 9 7 6 2 
5 9 6 2 4 7 1 3 8 
7 8 2 9 1 6 3 4 5 
6 5 1 3 2 4 8 9 7 
9 3 4 7 8 5 6 2 1 

Board 933:
7 9 6 1 8 4 3 2 5 
3 8 4 9 2 5 6 1 7 
5 1 2 3 6 7 9 8 4 
6 3 7 2 1 8 4 5 9 
2 5 1 7 4 9 8 3 6 
9 4 8 6 5 3 1 7 2 
4 7 3 8 9 2 5 6 1 
1 2 5 4 3 6 7 9 8 
8 6 9 5 7 1 2 4 3 

Board 934:
4 5 6 9 3 2 7 1 8 
2 8 7 4 1 5 6 3 9 
1 9 3 6 8 7 2 4 5 
9 2 8 7 5 4 1 6 3 
7 3 1 8 2 6 5 9 4 
6 4 5 3 9 1 8 7 2 
3 6 9 5 7 8 4 2 1 
8 1 4 2 6 3 9 5 7 
5 7 2 1 4 9 3 8 6 

Board 935:
1 9 6 3 8 2 4 5 7 
4 5 8 6 7 9 3 2 1 
7 3 2 4 1 5 8 9 6 
3 7 5 1 6 4 2 8 9 
9 6 1 8 2 3 7 4 5 
8 2 4 5 9 7 1 6 3 
5 4 9 7 3 8 6 1 2 
6 8 3 2 5 1 9 7 4 
2 1 7 9 4 6 5 3 8 

Board 936:
9 8 1 5 3 2 4 6 7 
5 2 4 9 7 6 1 3 8 
7 3 6 1 4 8 5 2 9 
8 6 2 3 9 4 7 1 5 
4 7 3 6 5 1 9 8 2 
1 9 5 8 2 7 3 4 6 
6 5 8 4 1 9 2 7 3 
2 1 9 7 6 3 8 5 4 
3 4 7 2 8 5 6 9 1 

Board 937:
8 4 2 9 5 3 1 6 7 
6 9 3 8 1 7 5 4 2 
5 1 7 4 2 6 8 3 9 
7 8 4 2 6 1 9 5 3 
1 3 5 7 8 9 4 2 6 
9 2 6 3 4 5 7 8 1 
3 7 8 5 9 2 6 1 4 
4 6 9 1 3 8 2 7 5 
2 5 1 6 7 4 3 9 8 

Board 938:
2 6 7 5 4 9 8 3 1 
1 4 9 6 8 3 5 2 7 
3 5 8 1 2 7 6 4 9 
5 9 6 7 3 4 1 8 2 
8 7 1 9 6 2 3 5 4 
4 3 2 8 5 1 9 7 6 
9 2 3 4 1 8 7 6 5 
6 1 4 3 7 5 2 9 8 
7 8 5 2 9 6 4 1 3 

Board 939:
2 9 5 8 1 6 4 7 3 
1 3 4 5 9 7 2 6 8 
8 7 6 3 4 2 5 9 1 
7 2 8 6 3 5 9 1 4 
9 4 3 7 8 1 6 5 2 
6 5 1 9 2 4 3 8 7 
3 6 7 2 5 8 1 4 9 
4 8 9 1 6 3 7 2 5 
5 1 2 4 7 9 8 3 6 

Board 940:
7 9 4 1 5 2 6 8 3 
2 3 5 4 8 6 7 1 9 
1 8 6 3 9 7 2 5 4 
9 6 7 8 4 1 5 3 2 
3 5 1 7 2 9 8 4 6 
4 2 8 5 6 3 1 9 7 
8 1 9 2 7 4 3 6 5 
6 7 3 9 1 5 4 2 8 
5 4 2 6 3 8 9 7 1 

Board 941:
6 9 5 3 8 4 2 7 1 
3 2 1 6 7 5 9 8 4 
4 8 7 2 9 1 6 5 3 
5 4 2 9 3 7 8 1 6 
8 7 6 1 5 2 4 3 9 
1 3 9 4 6 8 7 2 5 
9 5 4 8 2 3 1 6 7 
7 1 8 5 4 6 3 9 2 
2 6 3 7 1 9 5 4 8 

Board 942:
3 7 2 6 5 8 4 9 1 
6 8 9 4 1 3 2 5 7 
4 5 1 2 9 7 3 8 6 
8 9 5 3 2 1 7 6 4 
1 3 7 9 6 4 8 2 5 
2 4 6 8 7 5 1 3 9 
9 2 8 1 4 6 5 7 3 
7 1 3 5 8 9 6 4 2 
5 6 4 7 3 2 9 1 8 

Board 943:
7 3 1 8 6 2 4 5 9 
6 2 4 1 9 5 7 3 8 
9 5 8 3 7 4 1 6 2 
1 4 3 6 8 7 2 9 5 
5 6 2 4 3 9 8 1 7 
8 9 7 2 5 1 3 4 6 
4 1 9 5 2 8 6 7 3 
2 7 6 9 4 3 5 8 1 
3 8 5 7 1 6 9 2 4 

Board 944:
2 8 7 3 5 6 1 4 9 
9 5 6 2 4 1 3 8 7 
3 1 4 8 9 7 2 5 6 
4 9 5 7 8 2 6 1 3 
7 3 2 1 6 4 5 9 8 
8 6 1 9 3 5 4 7 2 
6 2 9 4 1 8 7 3 5 
5 4 8 6 7 3 9 2 1 
1 7 3 5 2 9 8 6 4 

Board 945:
6 3 7 5 4 1 9 8 2 
2 8 1 6 7 9 3 4 5 
5 9 4 3 2 8 1 7 6 
7 4 9 8 6 5 2 1 3 
3 5 6 2 1 4 8 9 7 
8 1 2 7 9 3 5 6 4 
9 7 3 1 5 6 4 2 8 
1 6 5 4 8 2 7 3 9 
4 2 8 9 3 7 6 5 1 

Board 946:
8 4 9 5 6 7 3 2 1 
2 1 6 9 3 4 5 8 7 
7 5 3 8 1 2 9 4 6 
1 8 7 4 9 5 6 3 2 
9 3 2 1 7 6 4 5 8 
5 6 4 2 8 3 7 1 9 
3 9 5 7 2 8 1 6 4 
6 2 1 3 4 9 8 7 5 
4 7 8 6 5 1 2 9 3 

Board 947:
2 6 4 8 9 3 5 7 1 
8 7 1 5 6 2 3 9 4 
3 9 5 1 4 7 8 2 6 
1 4 7 6 5 8 2 3 9 
5 3 2 7 1 9 4 6 8 
9 8 6 3 2 4 7 1 5 
6 1 8 2 7 5 9 4 3 
7 5 9 4 3 6 1 8 2 
4 2 3 9 8 1 6 5 7 

Board 948:
2 8 9 5 3 6 1 7 4 
6 5 4 7 8 1 9 2 3 
1 7 3 4 9 2 6 5 8 
8 9 1 6 5 3 2 4 7 
7 3 6 2 4 8 5 9 1 
4 2 5 1 7 9 3 8 6 
5 6 7 9 1 4 8 3 2 
3 4 2 8 6 5 7 1 9 
9 1 8 3 2 7 4 6 5 

Board 949:
1 4 6 3 5 2 9 8 7 
2 8 3 7 1 9 5 6 4 
7 9 5 6 4 8 1 3 2 
3 5 8 9 7 6 2 4 1 
4 6 1 2 8 5 3 7 9 
9 2 7 1 3 4 6 5 8 
8 7 9 5 6 1 4 2 3 
5 3 2 4 9 7 8 1 6 
6 1 4 8 2 3 7 9 5 

Board 950:
8 5 6 9 2 3 1 7 4 
9 1 2 4 5 7 6 8 3 
7 3 4 6 8 1 9 2 5 
6 8 9 5 1 4 2 3 7 
1 4 5 7 3 2 8 6 9 
2 7 3 8 6 9 4 5 1 
4 2 1 3 7 6 5 9 8 
5 9 7 2 4 8 3 1 6 
3 6 8 1 9 5 7 4 2 

Board 951:
4 2 6 5 3 1 9 8 7 
5 9 8 2 6 7 1 4 3 
7 3 1 4 8 9 6 5 2 
2 8 4 9 5 6 7 3 1 
3 1 9 8 7 4 5 2 6 
6 7 5 1 2 3 4 9 8 
8 4 7 6 9 2 3 1 5 
9 5 3 7 1 8 2 6 4 
1 6 2 3 4 5 8 7 9 

Board 952:
1 4 2 6 5 3 7 9 8 
9 6 8 4 7 1 2 5 3 
5 7 3 8 2 9 1 4 6 
6 9 4 1 3 8 5 2 7 
3 2 1 7 9 5 8 6 4 
7 8 5 2 4 6 9 3 1 
2 1 9 3 6 7 4 8 5 
8 5 6 9 1 4 3 7 2 
4 3 7 5 8 2 6 1 9 

Board 953:
4 6 8 3 9 1 5 2 7 
1 5 2 7 8 6 4 3 9 
7 9 3 2 5 4 6 8 1 
5 1 7 8 4 2 3 9 6 
2 8 4 6 3 9 7 1 5 
9 3 6 1 7 5 8 4 2 
6 7 1 4 2 8 9 5 3 
8 2 9 5 6 3 1 7 4 
3 4 5 9 1 7 2 6 8 

Board 954:
1 9 7 2 5 3 6 4 8 
2 4 8 7 9 6 5 3 1 
5 6 3 1 8 4 7 2 9 
7 3 6 5 4 1 8 9 2 
9 2 1 3 6 8 4 5 7 
4 8 5 9 7 2 3 1 6 
6 1 2 8 3 5 9 7 4 
8 5 9 4 2 7 1 6 3 
3 7 4 6 1 9 2 8 5 

Board 955:
3 6 9 1 5 2 8 4 7 
8 1 4 7 6 9 5 3 2 
7 5 2 3 8 4 1 6 9 
4 3 5 2 9 6 7 1 8 
1 7 6 8 3 5 2 9 4 
2 9 8 4 1 7 3 5 6 
9 4 7 5 2 3 6 8 1 
6 8 3 9 7 1 4 2 5 
5 2 1 6 4 8 9 7 3 

Board 956:
6 1 9 3 2 7 4 8 5 
7 3 5 9 4 8 1 6 2 
8 4 2 1 5 6 7 3 9 
1 9 4 5 7 3 6 2 8 
2 8 7 4 6 9 3 5 1 
3 5 6 2 8 1 9 7 4 
9 6 8 7 1 5 2 4 3 
4 7 1 8 3 2 5 9 6 
5 2 3 6 9 4 8 1 7 

Board 957:
8 5 6 4 7 2 3 1 9 
9 7 4 6 1 3 8 5 2 
1 3 2 9 8 5 6 7 4 
3 1 7 8 9 6 4 2 5 
4 2 5 1 3 7 9 6 8 
6 8 9 2 5 4 1 3 7 
5 6 3 7 4 9 2 8 1 
7 9 1 3 2 8 5 4 6 
2 4 8 5 6 1 7 9 3 

Board 958:
4 9 2 6 8 1 7 5 3 
7 8 6 3 5 2 1 4 9 
3 5 1 9 7 4 6 2 8 
6 7 5 1 9 8 2 3 4 
1 3 4 7 2 5 9 8 6 
8 2 9 4 6 3 5 7 1 
2 4 7 8 1 9 3 6 5 
5 1 8 2 3 6 4 9 7 
9 6 3 5 4 7 8 1 2 

Board 959:
8 5 6 7 2 9 1 4 3 
4 3 9 1 5 8 2 7 6 
1 2 7 6 4 3 5 9 8 
2 9 4 5 7 6 3 8 1 
7 1 8 4 3 2 6 5 9 
3 6 5 8 9 1 4 2 7 
9 8 1 2 6 5 7 3 4 
5 4 3 9 1 7 8 6 2 
6 7 2 3 8 4 9 1 5 

Board 960:
7 9 1 2 5 6 3 4 8 
2 8 6 1 3 4 5 9 7 
5 3 4 8 9 7 1 2 6 
9 5 8 4 2 3 7 6 1 
4 1 3 7 6 5 2 8 9 
6 7 2 9 8 1 4 3 5 
3 4 7 6 1 9 8 5 2 
8 6 5 3 7 2 9 1 4 
1 2 9 5 4 8 6 7 3 

Board 961:
9 4 6 3 5 2 1 7 8 
1 3 5 6 8 7 9 4 2 
2 7 8 1 9 4 3 5 6 
7 1 3 2 6 5 4 8 9 
6 2 4 9 3 8 7 1 5 
8 5 9 7 4 1 2 6 3 
5 6 2 4 7 9 8 3 1 
4 8 1 5 2 3 6 9 7 
3 9 7 8 1 6 5 2 4 

Board 962:
7 4 3 5 9 1 2 8 6 
8 5 2 3 4 6 9 1 7 
9 1 6 2 7 8 3 4 5 
5 8 4 1 2 3 7 6 9 
3 2 9 4 6 7 1 5 8 
1 6 7 8 5 9 4 2 3 
6 7 8 9 1 4 5 3 2 
2 3 1 7 8 5 6 9 4 
4 9 5 6 3 2 8 7 1 

Board 963:
2 3 7 8 1 6 5 4 9 
5 8 4 3 2 9 7 6 1 
6 1 9 7 4 5 3 2 8 
7 5 1 9 3 2 4 8 6 
9 2 6 4 7 8 1 3 5 
8 4 3 5 6 1 2 9 7 
3 7 8 1 9 4 6 5 2 
1 6 5 2 8 3 9 7 4 
4 9 2 6 5 7 8 1 3 

Board 964:
3 8 2 9 6 5 1 7 4 
5 9 6 1 4 7 2 3 8 
7 1 4 3 8 2 9 5 6 
1 3 7 5 2 4 8 6 9 
6 4 8 7 1 9 5 2 3 
2 5 9 8 3 6 4 1 7 
8 2 1 6 9 3 7 4 5 
9 7 3 4 5 1 6 8 2 
4 6 5 2 7 8 3 9 1 

Board 965:
9 8 3 7 4 6 2 5 1 
4 7 6 2 1 5 9 8 3 
1 2 5 8 3 9 6 7 4 
7 4 2 9 5 8 1 3 6 
6 5 9 1 7 3 8 4 2 
3 1 8 4 6 2 5 9 7 
8 6 1 3 9 4 7 2 5 
2 3 7 5 8 1 4 6 9 
5 9 4 6 2 7 3 1 8 

Board 966:
5 9 6 7 4 2 1 3 8 
4 7 8 6 3 1 5 2 9 
2 1 3 8 5 9 4 6 7 
7 6 4 1 9 8 2 5 3 
9 3 5 2 6 4 7 8 1 
8 2 1 5 7 3 9 4 6 
6 8 2 4 1 7 3 9 5 
1 5 9 3 2 6 8 7 4 
3 4 7 9 8 5 6 1 2 

Board 967:
6 7 8 9 2 3 4 1 5 
1 5 2 6 8 4 3 7 9 
9 3 4 7 5 1 8 6 2 
5 4 7 1 3 8 2 9 6 
8 6 1 2 9 7 5 4 3 
3 2 9 4 6 5 1 8 7 
4 8 6 3 7 2 9 5 1 
2 9 5 8 1 6 7 3 4 
7 1 3 5 4 9 6 2 8 

Board 968:
9 6 8 1 5 7 4 2 3 
2 3 4 8 9 6 7 1 5 
5 1 7 3 4 2 6 9 8 
3 5 2 9 8 4 1 7 6 
4 7 9 6 3 1 5 8 2 
1 8 6 7 2 5 3 4 9 
7 2 5 4 6 8 9 3 1 
8 9 1 5 7 3 2 6 4 
6 4 3 2 1 9 8 5 7 

Board 969:
2 9 5 7 4 3 1 6 8 
4 1 3 2 8 6 9 5 7 
6 7 8 5 9 1 2 4 3 
9 8 4 6 1 7 3 2 5 
1 5 7 3 2 9 4 8 6 
3 2 6 4 5 8 7 9 1 
7 6 2 8 3 4 5 1 9 
5 3 1 9 6 2 8 7 4 
8 4 9 1 7 5 6 3 2 

Board 970:
4 9 1 6 8 2 3 5 7 
5 2 3 1 7 4 9 8 6 
7 8 6 5 3 9 4 1 2 
1 4 2 9 5 7 8 6 3 
8 3 5 2 1 6 7 4 9 
9 6 7 3 4 8 5 2 1 
2 5 9 8 6 3 1 7 4 
3 7 8 4 2 1 6 9 5 
6 1 4 7 9 5 2 3 8 

Board 971:
9 7 5 8 6 2 4 1 3 
2 8 6 3 1 4 9 5 7 
4 1 3 7 5 9 2 8 6 
5 6 8 2 9 7 1 3 4 
1 3 9 4 8 5 6 7 2 
7 4 2 6 3 1 8 9 5 
8 2 4 1 7 3 5 6 9 
6 5 7 9 2 8 3 4 1 
3 9 1 5 4 6 7 2 8 

Board 972:
9 5 3 6 4 7 1 2 8 
6 8 7 5 1 2 3 4 9 
2 4 1 3 9 8 5 6 7 
1 2 6 7 8 9 4 3 5 
3 7 8 4 2 5 6 9 1 
5 9 4 1 3 6 7 8 2 
4 1 2 8 7 3 9 5 6 
8 3 5 9 6 1 2 7 4 
7 6 9 2 5 4 8 1 3 

Board 973:
9 1 2 4 5 6 3 8 7 
4 3 7 1 9 8 6 2 5 
8 6 5 7 2 3 1 9 4 
7 4 8 9 6 1 5 3 2 
3 5 6 2 4 7 9 1 8 
1 2 9 3 8 5 4 7 6 
6 9 4 8 1 2 7 5 3 
2 7 1 5 3 4 8 6 9 
5 8 3 6 7 9 2 4 1 

Board 974:
4 8 9 1 2 5 7 6 3 
2 7 5 8 3 6 4 9 1 
6 3 1 9 4 7 2 8 5 
8 9 7 6 5 4 3 1 2 
5 1 4 3 8 2 9 7 6 
3 6 2 7 1 9 5 4 8 
9 5 8 2 7 1 6 3 4 
7 4 3 5 6 8 1 2 9 
1 2 6 4 9 3 8 5 7 

Board 975:
5 1 7 6 9 2 8 3 4 
9 2 3 8 1 4 5 6 7 
6 8 4 3 5 7 9 1 2 
3 4 9 2 8 1 7 5 6 
2 5 6 4 7 9 1 8 3 
1 7 8 5 3 6 2 4 9 
8 9 1 7 6 3 4 2 5 
4 6 5 9 2 8 3 7 1 
7 3 2 1 4 5 6 9 8 

Board 976:
7 9 6 4 2 8 3 5 1 
2 5 1 3 7 6 9 8 4 
3 4 8 9 5 1 6 2 7 
6 1 2 8 3 4 7 9 5 
5 3 7 2 6 9 4 1 8 
4 8 9 7 1 5 2 3 6 
1 2 4 6 8 3 5 7 9 
9 7 5 1 4 2 8 6 3 
8 6 3 5 9 7 1 4 2 

Board 977:
4 1 2 8 7 5 6 3 9 
5 3 7 1 6 9 4 2 8 
9 8 6 2 4 3 1 5 7 
6 7 3 5 2 1 8 9 4 
8 5 4 3 9 6 2 7 1 
1 2 9 7 8 4 5 6 3 
2 4 5 9 1 7 3 8 6 
7 6 8 4 3 2 9 1 5 
3 9 1 6 5 8 7 4 2 

Board 978:
8 7 9 3 5 4 6 1 2 
3 5 4 2 6 1 7 9 8 
1 2 6 7 8 9 4 5 3 
5 3 8 9 7 2 1 6 4 
7 9 1 6 4 8 2 3 5 
6 4 2 1 3 5 8 7 9 
2 8 7 5 9 6 3 4 1 
4 6 5 8 1 3 9 2 7 
9 1 3 4 2 7 5 8 6 

Board 979:
5 6 3 7 4 8 9 1 2 
8 4 7 1 2 9 6 3 5 
1 2 9 6 5 3 7 4 8 
7 8 1 5 3 4 2 9 6 
9 5 2 8 6 1 4 7 3 
4 3 6 9 7 2 5 8 1 
2 1 5 4 8 7 3 6 9 
3 7 8 2 9 6 1 5 4 
6 9 4 3 1 5 8 2 7 

Board 980:
4 7 9 1 5 2 6 3 8 
2 5 6 8 4 3 7 9 1 
1 8 3 6 7 9 5 4 2 
6 3 5 7 2 8 4 1 9 
7 9 2 4 6 1 8 5 3 
8 1 4 9 3 5 2 6 7 
5 2 1 3 8 6 9 7 4 
3 4 8 5 9 7 1 2 6 
9 6 7 2 1 4 3 8 5 

Board 981:
8 4 6 1 7 5 3 2 9 
5 3 7 8 9 2 4 6 1 
2 9 1 4 3 6 5 7 8 
9 5 4 7 2 8 1 3 6 
3 6 8 5 4 1 7 9 2 
7 1 2 9 6 3 8 5 4 
4 2 3 6 8 7 9 1 5 
1 7 9 2 5 4 6 8 3 
6 8 5 3 1 9 2 4 7 

Board 982:
5 8 2 6 4 3 9 7 1 
7 4 9 1 5 2 6 3 8 
1 6 3 9 8 7 2 4 5 
8 1 5 2 7 6 3 9 4 
9 2 6 3 1 4 5 8 7 
4 3 7 8 9 5 1 6 2 
2 9 8 4 3 1 7 5 6 
3 5 1 7 6 8 4 2 9 
6 7 4 5 2 9 8 1 3 

Board 983:
7 2 5 6 1 3 9 4 8 
6 8 3 2 4 9 5 1 7 
9 1 4 5 8 7 6 2 3 
1 4 6 3 5 2 8 7 9 
3 5 8 7 9 1 2 6 4 
2 7 9 4 6 8 3 5 1 
5 9 7 1 3 6 4 8 2 
8 6 1 9 2 4 7 3 5 
4 3 2 8 7 5 1 9 6 

Board 984:
4 3 9 2 5 8 1 6 7 
2 5 6 1 7 9 8 4 3 
8 1 7 4 3 6 9 2 5 
7 4 8 6 9 1 3 5 2 
9 2 5 3 4 7 6 1 8 
1 6 3 8 2 5 7 9 4 
5 7 2 9 1 3 4 8 6 
3 8 1 5 6 4 2 7 9 
6 9 4 7 8 2 5 3 1 

Board 985:
7 3 4 2 1 5 8 6 9 
8 5 2 7 6 9 3 1 4 
1 9 6 8 3 4 7 2 5 
4 2 5 9 8 3 1 7 6 
3 1 7 6 4 2 9 5 8 
9 6 8 5 7 1 2 4 3 
5 7 1 3 9 6 4 8 2 
2 4 9 1 5 8 6 3 7 
6 8 3 4 2 7 5 9 1 

Board 986:
2 5 1 4 8 7 3 9 6 
8 7 4 3 9 6 1 5 2 
6 9 3 1 2 5 8 7 4 
9 2 5 8 6 4 7 3 1 
4 3 7 9 5 1 2 6 8 
1 8 6 2 7 3 9 4 5 
5 1 9 6 3 2 4 8 7 
7 4 8 5 1 9 6 2 3 
3 6 2 7 4 8 5 1 9 

Board 987:
3 8 4 9 2 7 1 6 5 
2 1 9 4 6 5 7 8 3 
5 7 6 8 1 3 2 9 4 
9 4 3 1 5 8 6 2 7 
7 5 2 6 9 4 8 3 1 
8 6 1 7 3 2 5 4 9 
6 3 5 2 4 1 9 7 8 
4 2 8 5 7 9 3 1 6 
1 9 7 3 8 6 4 5 2 

Board 988:
9 1 4 3 2 8 6 7 5 
2 7 5 6 1 9 3 4 8 
6 8 3 4 7 5 1 9 2 
3 5 7 9 8 6 4 2 1 
1 4 9 5 3 2 8 6 7 
8 2 6 7 4 1 5 3 9 
7 9 1 8 6 3 2 5 4 
5 6 2 1 9 4 7 8 3 
4 3 8 2 5 7 9 1 6 

Board 989:
1 9 5 7 8 6 4 3 2 
7 2 4 9 3 5 1 8 6 
8 3 6 1 4 2 9 7 5 
2 7 8 3 6 9 5 1 4 
6 5 9 4 1 8 3 2 7 
3 4 1 5 2 7 8 6 9 
9 1 7 6 5 3 2 4 8 
4 6 2 8 9 1 7 5 3 
5 8 3 2 7 4 6 9 1 

Board 990:
6 4 1 2 9 7 5 8 3 
9 5 8 6 4 3 2 1 7 
7 3 2 5 8 1 4 9 6 
4 6 9 8 1 5 3 7 2 
1 7 5 4 3 2 8 6 9 
8 2 3 9 7 6 1 4 5 
3 9 7 1 5 8 6 2 4 
2 8 4 3 6 9 7 5 1 
5 1 6 7 2 4 9 3 8 

Board 991:
6 9 3 7 1 5 4 2 8 
2 1 5 9 4 8 6 7 3 
7 8 4 3 6 2 9 1 5 
5 7 9 8 3 6 1 4 2 
8 3 6 4 2 1 7 5 9 
4 2 1 5 7 9 8 3 6 
1 5 2 6 8 7 3 9 4 
3 6 7 2 9 4 5 8 1 
9 4 8 1 5 3 2 6 7 

Board 992:
1 8 6 2 5 9 7 3 4 
5 2 9 3 4 7 6 1 8 
3 4 7 6 1 8 5 2 9 
8 1 5 7 9 2 4 6 3 
7 9 3 1 6 4 2 8 5 
4 6 2 8 3 5 9 7 1 
9 7 1 4 8 6 3 5 2 
6 5 8 9 2 3 1 4 7 
2 3 4 5 7 1 8 9 6 

Board 993:
8 7 6 9 3 2 5 4 1 
5 4 9 8 1 6 2 3 7 
3 2 1 7 4 5 8 6 9 
4 3 7 6 5 8 1 9 2 
2 6 5 1 7 9 3 8 4 
1 9 8 3 2 4 7 5 6 
9 1 3 4 8 7 6 2 5 
6 8 2 5 9 1 4 7 3 
7 5 4 2 6 3 9 1 8 

Board 994:
2 8 6 7 1 3 9 5 4 
1 7 3 5 9 4 8 6 2 
9 4 5 6 8 2 3 7 1 
8 2 9 1 5 7 4 3 6 
5 1 7 3 4 6 2 8 9 
6 3 4 8 2 9 5 1 7 
7 5 2 4 6 8 1 9 3 
4 6 8 9 3 1 7 2 5 
3 9 1 2 7 5 6 4 8 

Board 995:
8 1 5 9 6 4 3 7 2 
2 4 9 3 8 7 6 1 5 
6 7 3 5 1 2 9 8 4 
5 3 4 7 2 1 8 9 6 
1 9 2 6 5 8 7 4 3 
7 8 6 4 9 3 2 5 1 
4 6 8 1 3 9 5 2 7 
9 5 1 2 7 6 4 3 8 
3 2 7 8 4 5 1 6 9 

Board 996:
8 9 1 2 7 4 6 3 5 
6 5 2 9 1 3 4 8 7 
7 3 4 8 5 6 1 2 9 
1 2 6 3 8 7 9 5 4 
4 8 5 1 6 9 2 7 3 
3 7 9 5 4 2 8 1 6 
9 4 3 7 2 1 5 6 8 
2 6 8 4 3 5 7 9 1 
5 1 7 6 9 8 3 4 2 

Board 997:
5 7 1 4 8 3 6 2 9 
3 4 2 1 6 9 7 5 8 
8 6 9 2 5 7 4 1 3 
9 5 3 7 4 1 2 8 6 
4 2 6 9 3 8 5 7 1 
1 8 7 5 2 6 3 9 4 
6 9 4 8 7 2 1 3 5 
7 3 8 6 1 5 9 4 2 
2 1 5 3 9 4 8 6 7 

Board 998:
5 4 3 8 7 9 2 1 6 
2 1 9 5 3 6 4 7 8 
6 7 8 4 1 2 5 9 3 
8 9 5 1 2 4 3 6 7 
4 3 6 7 8 5 9 2 1 
7 2 1 9 6 3 8 4 5 
1 5 2 6 4 8 7 3 9 
9 6 4 3 5 7 1 8 2 
3 8 7 2 9 1 6 5 4 

Board 999:
2 4 1 3 7 5 8 6 9 
6 7 8 4 2 9 1 5 3 
9 5 3 8 6 1 2 4 7 
8 2 7 1 5 3 4 9 6 
3 6 5 9 4 2 7 8 1 
1 9 4 6 8 7 3 2 5 
7 1 2 5 9 8 6 3 4 
4 8 9 7 3 6 5 1 2 
5 3 6 2 1 4 9 7 8 

Board 1000:
5 9 1 2 6 7 3 4 8 
7 6 8 3 9 4 2 1 5 
4 3 2 5 1 8 7 9 6 
9 4 3 7 5 2 8 6 1 
2 1 6 8 3 9 5 7 4 
8 5 7 6 4 1 9 2 3 
1 2 9 4 8 5 6 3 7 
6 7 5 1 2 3 4 8 9 
3 8 4 9 7 6 1 5 2 

Board 1001:
9 8 5 2 3 4 1 7 6 
1 4 6 8 7 9 3 2 5 
2 7 3 5 1 6 9 4 8 
7 1 9 4 8 5 2 6 3 
4 3 8 1 6 2 5 9 7 
5 6 2 3 9 7 8 1 4 
3 2 1 7 4 8 6 5 9 
6 5 7 9 2 3 4 8 1 
8 9 4 6 5 1 7 3 2 

Board 1002:
6 2 8 9 1 5 7 4 3 
1 7 4 3 6 2 9 8 5 
3 9 5 4 7 8 1 6 2 
9 1 3 5 8 7 6 2 4 
7 5 6 1 2 4 3 9 8 
4 8 2 6 3 9 5 1 7 
8 6 9 7 4 3 2 5 1 
2 3 1 8 5 6 4 7 9 
5 4 7 2 9 1 8 3 6 

Board 1003:
4 8 7 1 2 3 6 5 9 
6 1 3 8 9 5 7 4 2 
2 5 9 7 6 4 3 1 8 
5 6 1 2 7 9 4 8 3 
7 9 4 5 3 8 2 6 1 
8 3 2 6 4 1 5 9 7 
1 7 6 9 5 2 8 3 4 
3 2 8 4 1 6 9 7 5 
9 4 5 3 8 7 1 2 6

